provenance,compound,burial_id,element,component,c_ap,c_col,n_air,o_ap,reference,doi
Conjunto Noroeste,,7,l. rib,bone bioapatite,-3.00,,,-8.10,Nado (2017),https://keep.lib.asu.edu/items/155542
Conjunto Noroeste,,13,r. rib,bone bioapatite,-5.00,,,-8.10,Nado (2017),https://keep.lib.asu.edu/items/155542
Conjunto Noroeste,,14,l. rib,bone bioapatite,-3.00,,,-8.10,Nado (2017),https://keep.lib.asu.edu/items/155542
Conjunto Noroeste,,26,r. rib,bone bioapatite,-4.40,,,-9.10,Nado (2017),https://keep.lib.asu.edu/items/155542
Conjunto Noroeste,,35,l. rib,bone bioapatite,-3.50,,,-9.00,Nado (2017),https://keep.lib.asu.edu/items/155542
Conjunto Noroeste,,42,r. rib,bone bioapatite,-3.20,,,-9.10,Nado (2017),https://keep.lib.asu.edu/items/155542
Conjunto Noroeste,,58,l. rib,bone bioapatite,-3.20,,,-9.50,Nado (2017),https://keep.lib.asu.edu/items/155542
Conjunto Noroeste,,65,l. rib,bone bioapatite,-3.50,,,-7.60,Nado (2017),https://keep.lib.asu.edu/items/155542
Conjunto Noroeste,,67,r. rib,bone bioapatite,-3.00,,,-9.50,Nado (2017),https://keep.lib.asu.edu/items/155542
Feathered Serpent Pyramid (FSP),,10A,l. rib,bone bioapatite,-3.20,,,-8.80,Nado et al. (2017),https://doi.org/10.1007/s12520-016-0416-y
Feathered Serpent Pyramid (FSP),,10C,r. rib,bone bioapatite,-3.80,,,-8.20,Nado et al. (2017),https://doi.org/10.1007/s12520-016-0416-y
Feathered Serpent Pyramid (FSP),,10D,l. rib,bone bioapatite,-3.10,,,-6.80,Nado et al. (2017),https://doi.org/10.1007/s12520-016-0416-y
Feathered Serpent Pyramid (FSP),,11A,l. rib,bone bioapatite,-3.10,,,-12.90,Nado et al. (2017),https://doi.org/10.1007/s12520-016-0416-y
Feathered Serpent Pyramid (FSP),,11B,r. rib,bone bioapatite,-4.00,,,-9.40,Nado et al. (2017),https://doi.org/10.1007/s12520-016-0416-y
Feathered Serpent Pyramid (FSP),,11C,rib,bone bioapatite,-5.90,,,-8.90,Nado et al. (2017),https://doi.org/10.1007/s12520-016-0416-y
Feathered Serpent Pyramid (FSP),,5D,l. rib,bone bioapatite,-3.50,,,-8.20,Nado et al. (2017),https://doi.org/10.1007/s12520-016-0416-y
Feathered Serpent Pyramid (FSP),,5F,l. rib,bone bioapatite,-3.20,,,-6.40,Nado et al. (2017),https://doi.org/10.1007/s12520-016-0416-y
Feathered Serpent Pyramid (FSP),,5I,r. rib,bone bioapatite,-1.90,,,-7.30,Nado et al. (2017),https://doi.org/10.1007/s12520-016-0416-y
Feathered Serpent Pyramid (FSP),,6A,r. rib,bone bioapatite,-3.20,,,-8.20,Nado et al. (2017),https://doi.org/10.1007/s12520-016-0416-y
Feathered Serpent Pyramid (FSP),,6B,r. rib,bone bioapatite,-2.30,,,-9.10,Nado et al. (2017),https://doi.org/10.1007/s12520-016-0416-y
Feathered Serpent Pyramid (FSP),,6D,l. rib,bone bioapatite,-2.70,,,-9.90,Nado et al. (2017),https://doi.org/10.1007/s12520-016-0416-y
La Ventilla B,,16,l. rib,bone bioapatite,-3.80,,,-6.70,Nado (2017),https://keep.lib.asu.edu/items/155542
La Ventilla B,,22,r. rib,bone bioapatite,-3.80,,,-5.90,Nado (2017),https://keep.lib.asu.edu/items/155542
La Ventilla B,,24,r. rib,bone bioapatite,-2.90,,,-6.30,Nado (2017),https://keep.lib.asu.edu/items/155542
La Ventilla B,,32,l. rib,bone bioapatite,-3.20,,,-7.10,Nado (2017),https://keep.lib.asu.edu/items/155542
La Ventilla B,,47,l. rib,bone bioapatite,-2.80,,,-6.40,Nado (2017),https://keep.lib.asu.edu/items/155542
La Ventilla B,,56,r. rib,bone bioapatite,-3.30,,,-9.00,Nado (2017),https://keep.lib.asu.edu/items/155542
La Ventilla B,,59,l. rib,bone bioapatite,-3.00,,,-7.70,Nado (2017),https://keep.lib.asu.edu/items/155542
La Ventilla B,,67,r. rib,bone bioapatite,-2.70,,,-8.50,Nado (2017),https://keep.lib.asu.edu/items/155542
La Ventilla B,,78,r. rib,bone bioapatite,-2.70,,,-10.50,Nado (2017),https://keep.lib.asu.edu/items/155542
La Ventilla B,,101,r. rib,bone bioapatite,-3.30,,,-9.80,Nado (2017),https://keep.lib.asu.edu/items/155542
La Ventilla B,,107,l. rib,bone bioapatite,-2.30,,,-9.80,Nado (2017),https://keep.lib.asu.edu/items/155542
La Ventilla B,,116,r. rib,bone bioapatite,-2.60,,,-8.50,Nado (2017),https://keep.lib.asu.edu/items/155542
La Ventilla B,,XIV,l. rib,bone bioapatite,-2.90,,,-9.90,Nado (2017),https://keep.lib.asu.edu/items/155542
La Ventilla B,,XVI,r. rib,bone bioapatite,-3.30,,,-6.90,Nado (2017),https://keep.lib.asu.edu/items/155542
La Ventilla B,,XX,r. rib,bone bioapatite,-3.00,,,-9.80,Nado (2017),https://keep.lib.asu.edu/items/155542
La Ventilla B,,XXIII,r. rib,bone bioapatite,-3.20,,,-9.80,Nado (2017),https://keep.lib.asu.edu/items/155542
"La Ventilla, Frente 2",,VEN08,long bone,bone bioapatite,-2.7,,,-7.4,This study,https://keep.lib.asu.edu/items/155549
"La Ventilla, Frente 2",,VEN09,humerus,bone bioapatite,-2.4,,,-6.8,This study,https://keep.lib.asu.edu/items/155550
"La Ventilla, Frente 2",,VEN16,tibia,bone bioapatite,-3.0,,,-7.6,This study,https://keep.lib.asu.edu/items/155551
"La Ventilla, Frente 2",,VEN19B,tooth root,bone bioapatite,,,,,This study,https://keep.lib.asu.edu/items/155552
"La Ventilla, Frente 2",,VEN23,femur,bone bioapatite,-3.3,,,-9.6,This study,https://keep.lib.asu.edu/items/155553
"La Ventilla, Frente 2",,VEN31,long bone,bone bioapatite,-3.2,,,-7.8,This study,https://keep.lib.asu.edu/items/155554
"La Ventilla, Frente 2",,VEN34,cranial fragment,bone bioapatite,-5.1,,,-6.5,This study,https://keep.lib.asu.edu/items/155555
"La Ventilla, Frente 2",,VEN35-1,femur,bone bioapatite,-4.1,,,-7.0,This study,https://keep.lib.asu.edu/items/155556
"La Ventilla, Frente 2",,VEN37,tibia,bone bioapatite,-2.6,,,-6.8,This study,https://keep.lib.asu.edu/items/155557
"La Ventilla, Frente 2",,VEN75,tibia,bone bioapatite,-2.0,,,-9.2,This study,https://keep.lib.asu.edu/items/155558
"La Ventilla, Frente 2",,VEN77,femur,bone bioapatite,-11.7,,,-5.1,This study,https://keep.lib.asu.edu/items/155559
"La Ventilla, Frente 2",,VEN93,cranial fragment,bone bioapatite,-3.3,,,-6.6,This study,https://doi.org/10.1007/s12520-016-0416-y
"La Ventilla, Frente 2",,VEN148C,femur,bone bioapatite,-1.7,,,-10.4,This study,https://doi.org/10.1007/s12520-016-0416-y
"La Ventilla, Frente 2",,VEN154,femur,bone bioapatite,-2.0,,,-7.8,This study,https://doi.org/10.1007/s12520-016-0416-y
"La Ventilla, Frente 2",,VEN156A,long bone,bone bioapatite,-2.7,,,-8.5,This study,https://doi.org/10.1007/s12520-016-0416-y
"La Ventilla, Frente 3",,VEN30D,femur,bone bioapatite,-2.9,,,-7.2,This study,https://doi.org/10.1007/s12520-016-0416-y
"La Ventilla, Frente 3",,VEN30E,humerus,bone bioapatite,-3.6,,,-10.4,This study,https://doi.org/10.1007/s12520-016-0416-y
"La Ventilla, Frente 3",,VEN36,tibia,bone bioapatite,-2.3,,,-7.6,This study,https://doi.org/10.1007/s12520-016-0416-y
"La Ventilla, Frente 3",,VEN38,femur,bone bioapatite,-1.9,,,-8.1,This study,https://doi.org/10.1007/s12520-016-0416-y
"La Ventilla, Frente 3",,VEN44,tibia,bone bioapatite,-2.5,,,-8.5,This study,https://doi.org/10.1007/s12520-016-0416-y
"La Ventilla, Frente 3",,VEN45,femur,bone bioapatite,-2.6,,,-7.9,This study,https://doi.org/10.1007/s12520-016-0416-y
"La Ventilla, Frente 3",,VEN48,humerus,bone bioapatite,-2.6,,,-9.9,This study,https://doi.org/10.1007/s12520-016-0416-y
"La Ventilla, Frente 3",,VEN51A,femur,bone bioapatite,-3.4,,,-9.5,This study,https://doi.org/10.1007/s12520-016-0416-y
"La Ventilla, Frente 3",,VEN52,tooth root,bone bioapatite,,,,,This study,https://keep.lib.asu.edu/items/155559
"La Ventilla, Frente 3",,VEN54,tibia,bone bioapatite,-2.4,,,-8.6,This study,https://keep.lib.asu.edu/items/155560
"La Ventilla, Frente 3",,VEN54A,tibia,bone bioapatite,-2.3,,,-8.1,This study,https://keep.lib.asu.edu/items/155561
"La Ventilla, Frente 3",,VEN58,tibia,bone bioapatite,-2.7,,,-8.8,This study,https://keep.lib.asu.edu/items/155562
"La Ventilla, Frente 3",,VEN68,humerus,bone bioapatite,-2.8,,,-7.5,This study,https://keep.lib.asu.edu/items/155563
"La Ventilla, Frente 3",,VEN79,long bone,bone bioapatite,-2.4,,,-8.2,This study,https://keep.lib.asu.edu/items/155564
"La Ventilla, Frente 3",,VEN80,tibia,bone bioapatite,-2.3,,,-7.3,This study,https://keep.lib.asu.edu/items/155565
"La Ventilla, Frente 3",,VEN83,cranial fragment,bone bioapatite,-2.7,,,-6.5,This study,https://keep.lib.asu.edu/items/155566
"La Ventilla, Frente 3",,VEN85,long bone,bone bioapatite,-2.8,,,-8.9,This study,https://keep.lib.asu.edu/items/155567
"La Ventilla, Frente 3",,VEN96,cranial fragment,bone bioapatite,-6.2,,,-3.9,This study,https://keep.lib.asu.edu/items/155568
"La Ventilla, Frente 3",,VEN99,tibia,bone bioapatite,-2.8,,,-7.9,This study,https://keep.lib.asu.edu/items/155569
"La Ventilla, Frente 3",,VEN100,rib,bone bioapatite,-2.9,,,-6.1,This study,https://keep.lib.asu.edu/items/155570
"La Ventilla, Frente 3",,VEN102-1,cranial fragment,bone bioapatite,-3.2,,,-10.4,This study,https://keep.lib.asu.edu/items/155571
"La Ventilla, Frente 3",,VEN103,long bone,bone bioapatite,-3.6,,,-10.0,This study,https://keep.lib.asu.edu/items/155572
"La Ventilla, Frente 3",,VEN104,long bone,bone bioapatite,-2.3,,,-7.5,This study,https://keep.lib.asu.edu/items/155573
"La Ventilla, Frente 3",,VEN120,rib,bone bioapatite,-3.2,,,-6.9,This study,https://keep.lib.asu.edu/items/155574
"La Ventilla, Frente 3",,VEN121,cranial fragment,bone bioapatite,-2.7,,,-6.7,This study,https://keep.lib.asu.edu/items/155575
"La Ventilla, Frente 3",,VEN122,tibia,bone bioapatite,-3.4,,,-9.0,This study,
"La Ventilla, Frente 3",,VEN123,tibia,bone bioapatite,-1.5,,,-6.8,This study,
"La Ventilla, Frente 3",,VEN125,humerus,bone bioapatite,-2.4,,,-7.8,This study,
"La Ventilla, Frente 3",,VEN126A,long bone,bone bioapatite,-2.4,,,-8.0,This study,
"La Ventilla, Frente 3",,VEN130,tooth root,bone bioapatite,,,,,This study,
"La Ventilla, Frente 3",,VEN135-1,rib,bone bioapatite,-6.4,,,-7.1,This study,
"La Ventilla, Frente 3",,VEN135-2,long bone,bone bioapatite,-4.8,,,-6.4,This study,
"La Ventilla, Frente 3",,VEN136-1,femur,bone bioapatite,-4.0,,,-9.0,This study,
"La Ventilla, Frente 3",,VEN136-2,long bone,bone bioapatite,-2.6,,,-6.7,This study,
"La Ventilla, Frente 3",,VEN143,tibia,bone bioapatite,-2.3,,,-6.3,This study,
"La Ventilla, Frente 3",,VEN162,tibia,bone bioapatite,-2.7,,,-7.6,This study,
"La Ventilla, Frente 3",,VEN180,radius,bone bioapatite,-3.2,,,-7.7,This study,
"La Ventilla, Frente 3",,VEN181,tibia,bone bioapatite,-3.2,,,-10.6,This study,
"La Ventilla, Frente 3",,VEN183,tibia,bone bioapatite,-2.9,,,-8.9,This study,
"La Ventilla, Frente 3",,VEN184,long bone,bone bioapatite,,,,,This study,https://doi.org/10.1007/s12520-016-0422-0
"La Ventilla, Frente 3",,VEN192,femur,bone bioapatite,-2.9,,,-9.4,This study,https://doi.org/10.1007/s12520-016-0422-0
"La Ventilla, Frente 3",,VEN193,tibia,bone bioapatite,-3.2,,,-9.3,This study,https://doi.org/10.1007/s12520-016-0422-0
"La Ventilla, Frente 3",,VEN225,tibia,bone bioapatite,-3.6,,,-9.9,This study,https://doi.org/10.1007/s12520-016-0422-0
"La Ventilla, Frente 3",,VEN226,tibia,bone bioapatite,-2.8,,,-8.0,This study,https://keep.lib.asu.edu/items/155575
"La Ventilla, Frente 3",,VEN227,tibia,bone bioapatite,-3.6,,,-9.3,This study,https://keep.lib.asu.edu/items/155575
"La Ventilla, Frente 3",,VEN231,femur,bone bioapatite,-2.4,,,-8.3,This study,https://keep.lib.asu.edu/items/155575
"La Ventilla, Frente 3",,VEN236,tibia,bone bioapatite,-3.8,,,-8.3,This study,https://keep.lib.asu.edu/items/155575
"La Ventilla, Frente 3",,VEN247-1,cranial fragment,bone bioapatite,-3.2,,,-8.3,This study,https://keep.lib.asu.edu/items/155575
"La Ventilla, Frente 3",,VEN247-2,cranial fragment,bone bioapatite,-2.6,,,-6.4,This study,https://keep.lib.asu.edu/items/155575
"La Ventilla, Frente 3",,VEN247-3,cranial fragment,bone bioapatite,-3.0,,,-6.1,This study,https://keep.lib.asu.edu/items/155575
"La Ventilla, Frente 3",,VEN250-1,cranial fragment,bone bioapatite,-3.0,,,-5.9,This study,https://keep.lib.asu.edu/items/155575
"La Ventilla, Frente 3",,VEN250-2,tibia,bone bioapatite,-2.9,,,-5.9,This study,https://keep.lib.asu.edu/items/155575
"La Ventilla, Frente 3",,VEN271,cranial fragment,bone bioapatite,-3.2,,,-7.2,This study,https://keep.lib.asu.edu/items/155575
"La Ventilla, Frente 3",,VEN272,femur,bone bioapatite,-2.3,,,-7.7,This study,https://keep.lib.asu.edu/items/155575
"La Ventilla, Frente 3",,VEN278,tibia,bone bioapatite,-2.4,,,-9.3,This study,https://keep.lib.asu.edu/items/155575
"La Ventilla, Frente 3",,VEN288,tibia,bone bioapatite,-3.1,,,-7.8,This study,https://keep.lib.asu.edu/items/155575
"La Ventilla, Frente 3",,VEN293,femur,bone bioapatite,-2.7,,,-6.7,This study,https://keep.lib.asu.edu/items/155575
Tlailotlacan (Oaxaca Barrio),,10-TL11,r. rib,bone bioapatite,-3.30,,,-9.20,Nado (2017),https://keep.lib.asu.edu/items/155542
Tlailotlacan (Oaxaca Barrio),,1-TL1A,l. rib,bone bioapatite,-3.90,,,-9.70,Nado (2017),https://keep.lib.asu.edu/items/155542
Tlailotlacan (Oaxaca Barrio),,1-TL1B,r. rib,bone bioapatite,-2.10,,,-8.50,Nado (2017),https://keep.lib.asu.edu/items/155542
Tlailotlacan (Oaxaca Barrio),,1-TL67,l. rib,bone bioapatite,-2.20,,,-6.90,Nado (2017),https://keep.lib.asu.edu/items/155542
Tlailotlacan (Oaxaca Barrio),,20-TL11,r. rib,bone bioapatite,-3.30,,,-9.50,Nado (2017),https://keep.lib.asu.edu/items/155542
Tlailotlacan (Oaxaca Barrio),,21-TL11,r. rib,bone bioapatite,-2.60,,,-9.00,Nado (2017),https://keep.lib.asu.edu/items/155542
Tlailotlacan (Oaxaca Barrio),,2-TL1,l. rib,bone bioapatite,-2.70,,,-8.30,Nado (2017),https://keep.lib.asu.edu/items/155542
Tlailotlacan (Oaxaca Barrio),,2-TL11,l. rib,bone bioapatite,-3.50,,,-7.70,Nado (2017),https://keep.lib.asu.edu/items/155542
Tlailotlacan (Oaxaca Barrio),,3-TL67,l. rib,bone bioapatite,-2.40,,,-7.10,Nado (2017),https://keep.lib.asu.edu/items/155542
Tlailotlacan (Oaxaca Barrio),,40-TL11,r. rib,bone bioapatite,-2.70,,,-7.70,Nado (2017),https://keep.lib.asu.edu/items/155542
Tlailotlacan (Oaxaca Barrio),,41-TL11,r. rib,bone bioapatite,-3.00,,,-7.80,Nado (2017),https://keep.lib.asu.edu/items/155542
Tlailotlacan (Oaxaca Barrio),,4-TL67,r. rib,bone bioapatite,-3.20,,,-7.20,Nado (2017),https://keep.lib.asu.edu/items/155542
Tlailotlacan (Oaxaca Barrio),,5-TL67,l. rib,bone bioapatite,-3.60,,,-7.80,Nado (2017),https://keep.lib.asu.edu/items/155542
Tlailotlacan (Oaxaca Barrio),,6-TL67,r. rib,bone bioapatite,-2.90,,,-6.80,Nado (2017),https://keep.lib.asu.edu/items/155542
Conjunto Noroeste,,7,l. rib,bone collagen,,-7.60,10.10,,Nado (2017),https://doi.org/10.1016/j.jaa.2004.08.002
Conjunto Noroeste,,13,r. rib,bone collagen,,-7.60,7.50,,Nado (2017),https://doi.org/10.1016/j.jaa.2004.08.002
Conjunto Noroeste,,14,l. rib,bone collagen,,-7.60,10.30,,Nado (2017),https://doi.org/10.1016/j.jaa.2004.08.002
Conjunto Noroeste,,26,r. rib,bone collagen,,-7.40,9.10,,Nado (2017),https://doi.org/10.1016/j.jaa.2004.08.002
Conjunto Noroeste,,35,l. rib,bone collagen,,-8.10,10.20,,Nado (2017),https://doi.org/10.1016/j.jaa.2004.08.002
Conjunto Noroeste,,38,r. rib,bone collagen,,-9.60,8.30,,Nado (2017),https://doi.org/10.1016/j.jaa.2004.08.002
Conjunto Noroeste,,42,r. rib,bone collagen,,-8.50,9.70,,Nado (2017),https://doi.org/10.1016/j.jaa.2004.08.002
Conjunto Noroeste,,54,l. rib,bone collagen,,-9.00,10.10,,Nado (2017),https://doi.org/10.1016/j.jaa.2004.08.002
Conjunto Noroeste,,58,l. rib,bone collagen,,-8.70,8.90,,Nado (2017),https://doi.org/10.1016/j.jaa.2004.08.002
Conjunto Noroeste,,65,l. rib,bone collagen,,-7.90,9.50,,Nado (2017),https://doi.org/10.1016/j.jaa.2004.08.002
Conjunto Noroeste,,67,r. rib,bone collagen,,-7.10,9.40,,Nado (2017),https://doi.org/10.1016/j.jaa.2004.08.002
Feathered Serpent Pyramid (FSP),,10A,l. rib,bone collagen,,-8.40,9.10,,Nado et al. (2017),https://doi.org/10.1016/j.jaa.2004.08.002
Feathered Serpent Pyramid (FSP),,10C,r. rib,bone collagen,,-8.50,9.20,,Nado et al. (2017),https://doi.org/10.1016/j.jaa.2004.08.002
Feathered Serpent Pyramid (FSP),,10D,l. rib,bone collagen,,-8.40,8.60,,Nado et al. (2017),https://doi.org/10.1016/j.jaa.2004.08.002
Feathered Serpent Pyramid (FSP),,11A,l. rib,bone collagen,,-8.30,10.00,,Nado et al. (2017),https://doi.org/10.1016/j.jaa.2004.08.002
Feathered Serpent Pyramid (FSP),,11B,r. rib,bone collagen,,-10.10,8.50,,Nado et al. (2017),https://doi.org/10.1017/S0956536118000032
Feathered Serpent Pyramid (FSP),,11C,rib,bone collagen,,-8.90,8.60,,Nado et al. (2017),https://doi.org/10.1017/S0956536118000032
Feathered Serpent Pyramid (FSP),,5D,l. rib,bone collagen,,-8.10,8.40,,Nado et al. (2017),https://doi.org/10.1017/S0956536118000032
Feathered Serpent Pyramid (FSP),,5F,l. rib,bone collagen,,-8.50,8.20,,Nado et al. (2017),https://doi.org/10.1017/S0956536118000032
Feathered Serpent Pyramid (FSP),,5I,r. rib,bone collagen,,-9.00,8.70,,Nado et al. (2017),https://doi.org/10.1017/S0956536118000032
Feathered Serpent Pyramid (FSP),,6A,r. rib,bone collagen,,-8.90,8.20,,Nado et al. (2017),https://doi.org/10.2307/4141553
Feathered Serpent Pyramid (FSP),,6B,r. rib,bone collagen,,-8.90,8.90,,Nado et al. (2017),https://doi.org/10.2307/4141553
Feathered Serpent Pyramid (FSP),,6D,l. rib,bone collagen,,-10.40,8.50,,Nado et al. (2017),https://doi.org/10.2307/4141553
La Ventilla B,,16,l. rib,bone collagen,,-8.10,8.00,,Nado (2017),https://doi.org/10.2307/4141553
La Ventilla B,,22,r. rib,bone collagen,,-8.40,9.00,,Nado (2017),https://doi.org/10.2307/4141553
La Ventilla B,,24,r. rib,bone collagen,,-7.50,9.70,,Nado (2017),https://doi.org/10.2307/4141553
La Ventilla B,,32,l. rib,bone collagen,,-8.00,8.60,,Nado (2017),https://doi.org/10.2307/4141553
La Ventilla B,,47,l. rib,bone collagen,,-7.80,9.50,,Nado (2017),https://doi.org/10.2307/4141553
La Ventilla B,,56,r. rib,bone collagen,,-7.10,10.50,,Nado (2017),https://doi.org/10.2307/4141553
La Ventilla B,,59,l. rib,bone collagen,,-7.80,8.90,,Nado (2017),https://doi.org/10.2307/4141553
La Ventilla B,,67,r. rib,bone collagen,,-8.90,9.00,,Nado (2017),https://doi.org/10.2307/4141553
La Ventilla B,,78,r. rib,bone collagen,,-8.60,9.20,,Nado (2017),https://doi.org/10.2307/4141553
La Ventilla B,,101,r. rib,bone collagen,,-9.20,8.80,,Nado (2017),https://doi.org/10.2307/4141553
La Ventilla B,,107,l. rib,bone collagen,,-7.10,9.60,,Nado (2017),https://doi.org/10.2307/4141553
La Ventilla B,,116,r. rib,bone collagen,,-7.90,9.00,,Nado (2017),https://doi.org/10.2307/4141553
La Ventilla B,,75B,l. rib,bone collagen,,-8.50,9.10,,Nado (2017),https://doi.org/10.2307/4141553
La Ventilla B,,XIV,l. rib,bone collagen,,-7.50,9.30,,Nado (2017),https://doi.org/10.1017/S0956536118000032
La Ventilla B,,XVI,r. rib,bone collagen,,-7.70,10.20,,Nado (2017),https://doi.org/10.1017/S0956536118000032
La Ventilla B,,XX,r. rib,bone collagen,,-8.10,9.00,,Nado (2017),https://doi.org/10.1017/S0956536118000032
La Ventilla B,,XXIII,r. rib,bone collagen,,-8.40,9.70,,Nado (2017),https://doi.org/10.1017/S0956536118000032
"La Ventilla, Frente 2",,VEN08,long bone,bone collagen,,-8.8,11.4,,This study,https://repositorio.unam.mx/contenidos/86922
"La Ventilla, Frente 2",,VEN09,humerus,bone collagen,,-7.7,9.9,,This study,https://repositorio.unam.mx/contenidos/86922
"La Ventilla, Frente 2",,VEN16,tibia,bone collagen,,-7.3,10.3,,This study,https://repositorio.unam.mx/contenidos/86922
"La Ventilla, Frente 2",,VEN19B,tooth root,bone collagen,,-7.7,8.9,,This study,https://repositorio.unam.mx/contenidos/86922
"La Ventilla, Frente 2",,VEN23,femur,bone collagen,,-7.6,9.9,,This study,https://repositorio.unam.mx/contenidos/86922
"La Ventilla, Frente 2",,VEN31,long bone,bone collagen,,-8.5,10.0,,This study,https://repositorio.unam.mx/contenidos/86922
"La Ventilla, Frente 2",,VEN34,cranial fragment,bone collagen,,-8.9,7.7,,This study,https://repositorio.unam.mx/contenidos/86922
"La Ventilla, Frente 2",,VEN35-1,femur,bone collagen,,-9.2,7.1,,This study,https://repositorio.unam.mx/contenidos/86922
"La Ventilla, Frente 2",,VEN37,tibia,bone collagen,,-7.4,7.8,,This study,https://repositorio.unam.mx/contenidos/86922
"La Ventilla, Frente 2",,VEN75,tibia,bone collagen,,-7.0,10.1,,This study,https://repositorio.unam.mx/contenidos/86922
"La Ventilla, Frente 2",,VEN77,femur,bone collagen,,-20.3,4.5,,This study,https://repositorio.unam.mx/contenidos/86922
"La Ventilla, Frente 2",,VEN93,cranial fragment,bone collagen,,-7.8,9.0,,This study,https://repositorio.unam.mx/contenidos/86922
"La Ventilla, Frente 2",,VEN148C,femur,bone collagen,,-7.0,11.4,,This study,https://repositorio.unam.mx/contenidos/86922
"La Ventilla, Frente 2",,VEN154,femur,bone collagen,,-8.1,9.3,,This study,https://repositorio.unam.mx/contenidos/86922
"La Ventilla, Frente 2",,VEN156A,long bone,bone collagen,,-8.9,8.9,,This study,https://repositorio.unam.mx/contenidos/86922
"La Ventilla, Frente 3",,VEN30D,femur,bone collagen,,-9.4,9.8,,This study,https://repositorio.unam.mx/contenidos/86922
"La Ventilla, Frente 3",,VEN30E,humerus,bone collagen,,-9.2,9.5,,This study,https://repositorio.unam.mx/contenidos/86922
"La Ventilla, Frente 3",,VEN36,tibia,bone collagen,,-8.7,9.4,,This study,https://repositorio.unam.mx/contenidos/86922
"La Ventilla, Frente 3",,VEN38,femur,bone collagen,,-7.7,10.3,,This study,https://repositorio.unam.mx/contenidos/86922
"La Ventilla, Frente 3",,VEN44,tibia,bone collagen,,-7.4,12.0,,This study,https://repositorio.unam.mx/contenidos/86922
"La Ventilla, Frente 3",,VEN45,femur,bone collagen,,-7.7,9.8,,This study,https://repositorio.unam.mx/contenidos/86922
"La Ventilla, Frente 3",,VEN48,humerus,bone collagen,,-6.9,10.5,,This study,https://repositorio.unam.mx/contenidos/86922
"La Ventilla, Frente 3",,VEN51A,femur,bone collagen,,-8.8,10.3,,This study,https://repositorio.unam.mx/contenidos/86922
"La Ventilla, Frente 3",,VEN52,tooth root,bone collagen,,-8.5,8.9,,This study,https://repositorio.unam.mx/contenidos/86922
"La Ventilla, Frente 3",,VEN54,tibia,bone collagen,,-7.9,9.7,,This study,https://keep.lib.asu.edu/items/155559
"La Ventilla, Frente 3",,VEN54A,tibia,bone collagen,,-7.0,9.4,,This study,https://keep.lib.asu.edu/items/155559
"La Ventilla, Frente 3",,VEN58,tibia,bone collagen,,-7.5,9.7,,This study,https://keep.lib.asu.edu/items/155559
"La Ventilla, Frente 3",,VEN68,humerus,bone collagen,,-8.4,10.8,,This study,https://keep.lib.asu.edu/items/155559
"La Ventilla, Frente 3",,VEN79,long bone,bone collagen,,-8.8,9.6,,This study,https://keep.lib.asu.edu/items/155559
"La Ventilla, Frente 3",,VEN80,tibia,bone collagen,,-7.9,9.4,,This study,https://keep.lib.asu.edu/items/155559
"La Ventilla, Frente 3",,VEN83,cranial fragment,bone collagen,,-7.2,10.0,,This study,https://doi.org/10.1007/s12520-016-0422-0
"La Ventilla, Frente 3",,VEN85,long bone,bone collagen,,-8.9,10.5,,This study,https://doi.org/10.1007/s12520-016-0422-0
"La Ventilla, Frente 3",,VEN96,cranial fragment,bone collagen,,-12.3,10.8,,This study,https://doi.org/10.1007/s12520-016-0422-0
"La Ventilla, Frente 3",,VEN99,tibia,bone collagen,,-8.3,9.3,,This study,https://doi.org/10.1007/s12520-016-0422-0
"La Ventilla, Frente 3",,VEN100,rib,bone collagen,,-9.3,8.3,,This study,https://doi.org/10.1007/s12520-016-0422-0
"La Ventilla, Frente 3",,VEN102-1,cranial fragment,bone collagen,,-9.0,9.2,,This study,https://doi.org/10.1007/s12520-016-0422-0
"La Ventilla, Frente 3",,VEN103,long bone,bone collagen,,-8.3,10.2,,This study,https://doi.org/10.1007/s12520-016-0422-0
"La Ventilla, Frente 3",,VEN104,long bone,bone collagen,,-8.8,6.3,,This study,https://doi.org/10.1007/s12520-016-0422-0
"La Ventilla, Frente 3",,VEN120,rib,bone collagen,,-8.7,9.1,,This study,https://doi.org/10.1007/s12520-016-0422-0
"La Ventilla, Frente 3",,VEN121,cranial fragment,bone collagen,,-8.2,8.2,,This study,https://doi.org/10.1007/s12520-016-0422-0
"La Ventilla, Frente 3",,VEN122,tibia,bone collagen,,-8.5,9.1,,This study,https://doi.org/10.1007/s12520-016-0422-0
"La Ventilla, Frente 3",,VEN123,tibia,bone collagen,,-7.9,7.6,,This study,https://doi.org/10.1007/s12520-016-0422-0
"La Ventilla, Frente 3",,VEN125,humerus,bone collagen,,-7.4,9.9,,This study,https://doi.org/10.1007/s12520-016-0422-0
"La Ventilla, Frente 3",,VEN126A,long bone,bone collagen,,-7.8,9.8,,This study,https://doi.org/10.1007/s12520-016-0422-0
"La Ventilla, Frente 3",,VEN130,tooth root,bone collagen,,-7.8,9.7,,This study,https://doi.org/10.1007/s12520-016-0422-0
"La Ventilla, Frente 3",,VEN135-1,rib,bone collagen,,-18.1,6.3,,This study,https://doi.org/10.1007/s12520-016-0422-0
"La Ventilla, Frente 3",,VEN135-2,long bone,bone collagen,,-10.3,9.2,,This study,https://doi.org/10.1007/s12520-016-0422-0
"La Ventilla, Frente 3",,VEN136-1,femur,bone collagen,,-8.7,8.2,,This study,https://doi.org/10.1007/s12520-016-0422-0
"La Ventilla, Frente 3",,VEN136-2,long bone,bone collagen,,-8.7,8.8,,This study,https://doi.org/10.1007/s12520-016-0422-0
"La Ventilla, Frente 3",,VEN143,tibia,bone collagen,,-8.0,9.4,,This study,https://doi.org/10.1007/s12520-016-0422-0
"La Ventilla, Frente 3",,VEN162,tibia,bone collagen,,-8.5,9.7,,This study,https://doi.org/10.1007/s12520-016-0422-0
"La Ventilla, Frente 3",,VEN180,radius,bone collagen,,-8.4,9.6,,This study,https://doi.org/10.1007/s12520-016-0422-0
"La Ventilla, Frente 3",,VEN181,tibia,bone collagen,,-8.5,10.6,,This study,https://doi.org/10.1007/s12520-016-0422-0
"La Ventilla, Frente 3",,VEN183,tibia,bone collagen,,-8.5,9.1,,This study,https://doi.org/10.1007/s12520-016-0422-0
"La Ventilla, Frente 3",,VEN184,long bone,bone collagen,,-8.6,9.7,,This study,https://doi.org/10.1007/s12520-016-0422-0
"La Ventilla, Frente 3",,VEN192,femur,bone collagen,,-7.8,10.8,,This study,https://doi.org/10.1007/s12520-016-0422-0
"La Ventilla, Frente 3",,VEN193,tibia,bone collagen,,-8.9,7.8,,This study,https://doi.org/10.1007/s12520-016-0422-0
"La Ventilla, Frente 3",,VEN225,tibia,bone collagen,,-8.2,9.4,,This study,https://doi.org/10.1007/s12520-016-0422-0
"La Ventilla, Frente 3",,VEN226,tibia,bone collagen,,-8.6,9.0,,This study,https://doi.org/10.1007/s12520-016-0422-0
"La Ventilla, Frente 3",,VEN227,tibia,bone collagen,,-9.0,9.2,,This study,https://doi.org/10.1007/s12520-016-0422-0
"La Ventilla, Frente 3",,VEN231,femur,bone collagen,,-7.8,9.0,,This study,https://doi.org/10.1007/s12520-016-0422-0
"La Ventilla, Frente 3",,VEN236,tibia,bone collagen,,-8.5,9.9,,This study,https://doi.org/10.1007/s12520-016-0422-0
"La Ventilla, Frente 3",,VEN247-1,cranial fragment,bone collagen,,-8.1,9.6,,This study,https://doi.org/10.1007/s12520-016-0422-0
"La Ventilla, Frente 3",,VEN247-2,cranial fragment,bone collagen,,-8.2,9.4,,This study,https://doi.org/10.1007/s12520-016-0422-0
"La Ventilla, Frente 3",,VEN247-3,cranial fragment,bone collagen,,-7.7,9.3,,This study,https://doi.org/10.1007/s12520-016-0422-0
"La Ventilla, Frente 3",,VEN250-1,cranial fragment,bone collagen,,-8.1,8.0,,This study,https://doi.org/10.1007/s12520-016-0422-0
"La Ventilla, Frente 3",,VEN250-2,tibia,bone collagen,,-8.5,7.8,,This study,https://doi.org/10.1007/s12520-016-0422-0
"La Ventilla, Frente 3",,VEN271,cranial fragment,bone collagen,,-7.5,10.0,,This study,https://doi.org/10.1007/s12520-016-0422-0
"La Ventilla, Frente 3",,VEN272,femur,bone collagen,,-6.4,12.2,,This study,https://doi.org/10.1007/s12520-016-0422-0
"La Ventilla, Frente 3",,VEN278,tibia,bone collagen,,-7.2,9.1,,This study,https://doi.org/10.1007/s12520-016-0422-0
"La Ventilla, Frente 3",,VEN288,tibia,bone collagen,,-8.5,8.3,,This study,https://doi.org/10.1007/s12520-016-0422-0
"La Ventilla, Frente 3",,VEN293,femur,bone collagen,,-8.0,8.1,,This study,https://doi.org/10.1007/s12520-016-0422-0
Tlailotlacan (Oaxaca Barrio),,10-TL11,r. rib,bone collagen,,-7.90,10.00,,Nado (2017),https://doi.org/10.1007/s12520-016-0422-0
Tlailotlacan (Oaxaca Barrio),,1-TL1A,l. rib,bone collagen,,-8.20,9.00,,Nado (2017),https://doi.org/10.1007/s12520-016-0422-0
Tlailotlacan (Oaxaca Barrio),,1-TL1B,r. rib,bone collagen,,-7.20,9.30,,Nado (2017),https://doi.org/10.1007/s12520-016-0422-0
Tlailotlacan (Oaxaca Barrio),,1-TL67,l. rib,bone collagen,,-8.70,9.80,,Nado (2017),https://doi.org/10.1007/s12520-016-0422-0
Tlailotlacan (Oaxaca Barrio),,20-TL11,r. rib,bone collagen,,-7.40,9.80,,Nado (2017),https://doi.org/10.1007/s12520-016-0422-0
Tlailotlacan (Oaxaca Barrio),,21-TL11,r. rib,bone collagen,,-8.00,9.60,,Nado (2017),https://doi.org/10.1007/s12520-016-0422-0
Tlailotlacan (Oaxaca Barrio),,2-TL11,l. rib,bone collagen,,-7.50,9.60,,Nado (2017),https://doi.org/10.1007/s12520-016-0422-0
Tlailotlacan (Oaxaca Barrio),,3-TL67,l. rib,bone collagen,,-6.30,9.50,,Nado (2017),https://doi.org/10.1007/s12520-016-0422-0
Tlailotlacan (Oaxaca Barrio),,40-TL11,r. rib,bone collagen,,-7.80,9.80,,Nado (2017),https://doi.org/10.1007/s12520-016-0422-0
Tlailotlacan (Oaxaca Barrio),,41-TL11,r. rib,bone collagen,,-6.90,8.40,,Nado (2017),https://doi.org/10.1007/s12520-016-0422-0
Tlailotlacan (Oaxaca Barrio),,4-TL67,r. rib,bone collagen,,-7.40,9.60,,Nado (2017),https://doi.org/10.1007/s12520-016-0422-0
Tlailotlacan (Oaxaca Barrio),,5-TL1,l. rib,bone collagen,,-7.40,9.50,,Nado (2017),https://doi.org/10.1007/s12520-016-0422-0
Tlailotlacan (Oaxaca Barrio),,5-TL67,l. rib,bone collagen,,-8.10,9.40,,Nado (2017),https://doi.org/10.1007/s12520-016-0422-0
Tlailotlacan (Oaxaca Barrio),,6-TL67,r. rib,bone collagen,,-7.70,9.40,,Nado (2017),https://doi.org/10.1007/s12520-016-0422-0
Tlailotlacan (Oaxaca Barrio),,81,rib,bone collagen,,-8.30,9.70,,White et al. (2004a),https://doi.org/10.1007/s12520-016-0422-0
Tlailotlacan (Oaxaca Barrio),,113,rib,bone collagen,,-7.90,9.00,,White et al. (2004a),https://doi.org/10.1007/s12520-016-0422-0
Tlailotlacan (Oaxaca Barrio),,133,rib,bone collagen,,-8.00,11.10,,White et al. (2004a),https://doi.org/10.1007/s12520-016-0422-0
Tlailotlacan (Oaxaca Barrio),,223,rib,bone collagen,,-8.90,8.50,,White et al. (2004a),https://doi.org/10.1007/s12520-016-0422-0
Tlailotlacan (Oaxaca Barrio),,261,rib,bone collagen,,-7.30,8.10,,White et al. (2004a),https://doi.org/10.1007/s12520-016-0422-0
Tlailotlacan (Oaxaca Barrio),,322,rib,bone collagen,,-9.90,,,White et al. (2004a),https://doi.org/10.1007/s12520-016-0422-0
Tlailotlacan (Oaxaca Barrio),,372,rib,bone collagen,,-7.80,9.00,,White et al. (2004a),https://doi.org/10.1007/s12520-016-0422-0
Tlailotlacan (Oaxaca Barrio),,381,rib,bone collagen,,,9.20,,White et al. (2004a),https://doi.org/10.1007/s12520-016-0422-0
Tlailotlacan (Oaxaca Barrio),,409,rib,bone collagen,,-9.70,7.40,,White et al. (2004a),https://doi.org/10.1017/S095653611900035X
Tlailotlacan (Oaxaca Barrio),,841,rib,bone collagen,,-9.10,,,White et al. (2004a),https://doi.org/10.1017/S095653611900035X
Tlailotlacan (Oaxaca Barrio),,345N,rib,bone collagen,,-8.60,10.40,,White et al. (2004a),https://doi.org/10.1017/S095653611900035X
Tlailotlacan (Oaxaca Barrio),,408-INF,rib,bone collagen,,-6.60,3.10,,White et al. (2004a),https://doi.org/10.1017/S095653611900035X
Tlailotlacan (Oaxaca Barrio),,Pasillo,rib,bone collagen,,-7.90,9.80,,White et al. (2004a),https://doi.org/10.1017/S095653611900035X
Tlailotlacan (Oaxaca Barrio),,551-68,rib,bone collagen,,-7.90,8.50,,White et al. (2004a),https://doi.org/10.1017/S095653611900035X
Tlailotlacan (Oaxaca Barrio),,520,rib,bone collagen,,-7.60,9.00,,White et al. (2004a),https://doi.org/10.1017/S095653611900035X
Merchant's Barrio,,22a,bone,bone collagen,,-8.00,,,White et al. (2009),https://doi.org/10.1017/S0956536118000032
Merchant's Barrio,,33b,bone,bone collagen,,-7.50,,,White et al. (2009),https://doi.org/10.1017/S0956536118000032
Merchant's Barrio,,5--8,bone,bone collagen,,-8.20,,,White et al. (2009),https://doi.org/10.1017/S0956536118000032
Merchant's Barrio,,5--8,bone,bone collagen,,-9.10,,,White et al. (2009),https://doi.org/10.1017/S0956536118000032
Merchant's Barrio,,5--8,bone,bone collagen,,-10.50,,,White et al. (2009),https://doi.org/10.1017/S0956536118000032
Merchant's Barrio,,5--8,bone,bone collagen,,-8.50,,,White et al. (2009),https://doi.org/10.1017/S0956536118000032
Merchant's Barrio,,5--8,bone,bone collagen,,-7.90,,,White et al. (2009),https://doi.org/10.1017/S0956536118000032
Merchant's Barrio,,5--8,bone,bone collagen,,-8.90,,,White et al. (2009),https://keep.lib.asu.edu/items/155559
Merchant's Barrio,,5--8,bone,bone collagen,,-8.50,,,White et al. (2009),https://keep.lib.asu.edu/items/155559
Merchant's Barrio,,9,bone,bone collagen,,-9.90,,,White et al. (2009),https://keep.lib.asu.edu/items/155559
Merchant's Barrio,,10a,bone,bone collagen,,-8.60,,,White et al. (2009),https://keep.lib.asu.edu/items/155559
Merchant's Barrio,,10c,bone,bone collagen,,-6.90,,,White et al. (2009),https://keep.lib.asu.edu/items/155559
Merchant's Barrio,,11b,bone,bone collagen,,-8.00,,,White et al. (2009),https://keep.lib.asu.edu/items/155559
Merchant's Barrio,,13b,bone,bone collagen,,-8.40,,,White et al. (2009),https://doi.org/10.1007/s12520-016-0422-0
Tlajinga,17,17-2,rib,bone collagen,,-8.10,9.80,,Storey et al. (2019),https://doi.org/10.1017/S095653611900035X
Tlajinga,17,17-7,long bone,bone collagen,,-8.90,8.90,,Storey et al. (2019),https://doi.org/10.1017/S095653611900035X
Tlajinga,17,17-5,long bone,bone collagen,,-9.40,9.10,,Storey et al. (2019),https://doi.org/10.1017/S095653611900035X
Tlajinga,18,18-2b,femur,bone collagen,,-9.30,9.70,,Storey et al. (2019),https://doi.org/10.1017/S095653611900035X
Tlajinga,18,18-3b,rib,bone collagen,,-9.30,9.50,,Storey et al. (2019),https://doi.org/10.1017/S095653611900035X
Tlajinga,33,5,rib,bone collagen,,-7.10,,,White et al. (2004b),https://doi.org/10.1017/S095653611900035X
Tlajinga,33,6,rib,bone collagen,,-8.50,,,White et al. (2004b),https://doi.org/10.1017/S095653611900035X
Tlajinga,33,11,rib,bone collagen,,-8.40,,,White et al. (2004b),https://doi.org/10.1017/S095653611900035X
Tlajinga,33,12,rib,bone collagen,,-9.50,,,White et al. (2004b),https://doi.org/10.1017/S095653611900035X
Tlajinga,33,15,rib,bone collagen,,-12.80,,,White et al. (2004b),https://doi.org/10.1017/S095653611900035X
Tlajinga,33,23,rib,bone collagen,,-8.50,,,White et al. (2004b),https://doi.org/10.1017/S095653611900035X
Tlajinga,33,43,rib,bone collagen,,-7.40,,,White et al. (2004b),https://doi.org/10.1017/S095653611900035X
Tlajinga,33,44,rib,bone collagen,,-8.50,,,White et al. (2004b),https://doi.org/10.1017/S095653611900035X
Tlajinga,33,49,rib,bone collagen,,-6.90,,,White et al. (2004b),https://doi.org/10.1017/S095653611900035X
Tlajinga,33,56,rib,bone collagen,,-8.70,,,White et al. (2004b),https://doi.org/10.1017/S095653611900035X
Tlajinga,33,58,rib,bone collagen,,-8.20,,,White et al. (2004b),https://doi.org/10.1007/s12520-016-0416-y
Tlajinga,33,61,rib,bone collagen,,-6.80,,,White et al. (2004b),https://doi.org/10.1007/s12520-016-0416-y
Tlajinga,33,16c,rib,bone collagen,,-7.10,,,White et al. (2004b),https://doi.org/10.1007/s12520-016-0416-y
Tlajinga,33,42a,rib,bone collagen,,-7.90,,,White et al. (2004b),https://doi.org/10.1007/s12520-016-0416-y
Tlajinga,33,42b,rib,bone collagen,,-8.50,,,White et al. (2004b),https://doi.org/10.1007/s12520-016-0416-y
Tlajinga,33,50c,rib,bone collagen,,-7.60,,,White et al. (2004b),https://doi.org/10.1007/s12520-016-0416-y
Tlajinga,33,21a,rib,bone collagen,,-8.40,9.80,,Storey et al. (2019),https://doi.org/10.1017/S095653611900035X
Tlajinga,33,21d,rib,bone collagen,,-6.30,10.50,,Storey et al. (2019),https://doi.org/10.1017/S095653611900035X
Tlajinga,33,25,long bone,bone collagen,,-8.30,8.90,,Storey et al. (2019),https://doi.org/10.1017/S095653611900035X
Tlajinga,33,48,long bone,bone collagen,,-8.50,9.40,,Storey et al. (2019),https://doi.org/10.1017/S095653611900035X
Tlajinga,33,5,rib,bone collagen,,-7.10,9.70,,Storey et al. (2019),https://doi.org/10.1017/S095653611900035X
Tlajinga,33,50a,cortex,bone collagen,,-7.80,9.30,,Storey et al. (2019),https://doi.org/10.1017/S095653611900035X
Tlajinga,33,50b,fibula,bone collagen,,-7.80,10.10,,Storey et al. (2019),https://doi.org/10.1017/S095653611900035X
Tlajinga,33,50d,femur,bone collagen,,-8.00,9.50,,Storey et al. (2019),https://doi.org/10.1017/S095653611900035X
Tlajinga,33,56,long bone,bone collagen,,-9.90,7.80,,Storey et al. (2019),https://doi.org/10.1017/S095653611900035X
Tlajinga,33,59a,long bone,bone collagen,,-7.20,12.10,,Storey et al. (2019),https://doi.org/10.1017/S095653611900035X
Tlajinga,33,61,long bone,bone collagen,,-6.60,10.20,,Storey et al. (2019),https://doi.org/10.1017/S095653611900035X
Feathered Serpent Pyramid,,13E (96.100),LR C,enamel bioapatite,0.48,,,-4.47,Price et al. (2021),https://doi.org/10.1017/S095653611900035X
Feathered Serpent Pyramid,,14A (96.94),UL C,enamel bioapatite,-0.61,,,-4.42,Price et al. (2021),https://doi.org/10.1017/S095653611900035X
Feathered Serpent Pyramid,,14C (96.99),LL P2,enamel bioapatite,0.40,,,-5.79,Price et al. (2021),https://doi.org/10.1017/S095653611900035X
Feathered Serpent Pyramid,,14F (96.98),LL C,enamel bioapatite,-1.96,,,-4.79,Price et al. (2021),https://doi.org/10.1017/S095653611900035X
Feathered Serpent Pyramid,,14I (96.97),UR PI,enamel bioapatite,-0.14,,,-4.58,Price et al. (2021),https://doi.org/10.1017/S095653611900035X
Feathered Serpent Pyramid,,190F (96.69),UL C,enamel bioapatite,-1.29,,,-4.77,Price et al. (2021),https://doi.org/10.1017/S095653611900035X
Feathered Serpent Pyramid,,2C (96.73),LR C,enamel bioapatite,-0.40,,,-4.15,Price et al. (2021),https://doi.org/10.1017/S095653611900035X
Feathered Serpent Pyramid,,2G (96.74),LL M2,enamel bioapatite,0.45,,,-5.36,Price et al. (2021),https://doi.org/10.1017/S095653611900035X
Feathered Serpent Pyramid,,2H (96.72),LR C,enamel bioapatite,-1.70,,,-5.32,Price et al. (2021),https://doi.org/10.1017/S095653611900035X
Feathered Serpent Pyramid,,4A (96.75),LR C,enamel bioapatite,0.31,,,-5.92,Price et al. (2021),https://doi.org/10.1017/S095653611900035X
Feathered Serpent Pyramid,,4L (96.76),LL C,enamel bioapatite,-3.11,,,-3.30,Price et al. (2021),https://doi.org/10.1017/S095653611900035X
Feathered Serpent Pyramid,,4Ñ(96.42),LL PI,enamel bioapatite,-0.93,,,-3.69,Price et al. (2021),https://doi.org/10.1017/S095653611900035X
Feathered Serpent Pyramid,,4O (96.43),RU C,enamel bioapatite,0.31,,,-4.65,Price et al. (2021),https://doi.org/10.1017/S095653611900035X
Feathered Serpent Pyramid,,5C (96.81),RU PI,enamel bioapatite,-1.22,,,-4.21,Price et al. (2021),https://doi.org/10.1017/S095653611900035X
Feathered Serpent Pyramid,,5D (96.82),LL M2,enamel bioapatite,-0.95,,,-5.16,Price et al. (2021),https://doi.org/10.1017/S095653611900035X
Feathered Serpent Pyramid,,5E (96.83),UL C,enamel bioapatite,0.06,,,-4.52,Price et al. (2021),https://doi.org/10.1017/S095653611900035X
Feathered Serpent Pyramid,,5F (96.80),UL P,enamel bioapatite,-2.30,,,-3.79,Price et al. (2021),https://doi.org/10.1017/S095653611900035X
Feathered Serpent Pyramid,,5G (96.84),LL C,enamel bioapatite,-0.48,,,-4.87,Price et al. (2021),https://doi.org/10.1017/S095653611900035X
Feathered Serpent Pyramid,,6B (96.87),LR C,enamel bioapatite,-1.29,,,-5.23,Price et al. (2021),https://doi.org/10.1017/S095653611900035X
Feathered Serpent Pyramid,,6C (96.88,UR C,enamel bioapatite,-0.93,,,-4.84,Price et al. (2021),https://doi.org/10.1017/S095653611900035X
Feathered Serpent Pyramid,,6D (96.85),UR C,enamel bioapatite,-2.04,,,-5.54,Price et al. (2021),https://doi.org/10.1017/S095653611900035X
Feathered Serpent Pyramid,,6I (96.86),UR C,enamel bioapatite,-1.89,,,-5.60,Price et al. (2021),https://doi.org/10.1017/S095653611900035X
Feathered Serpent Pyramid,,10C,R M2,enamel bioapatite,-3.30,,,-5.50,Nado et al. (2017),https://doi.org/10.1016/j.jaa.2004.08.002
Feathered Serpent Pyramid,,11B,L M2,enamel bioapatite,-3.80,,,-6.70,Nado et al. (2017),https://doi.org/10.1016/j.jaa.2004.08.002
Feathered Serpent Pyramid,,11C,M2,enamel bioapatite,-3.90,,,-5.30,Nado et al. (2017),https://doi.org/10.1016/j.jaa.2004.08.002
Feathered Serpent Pyramid,,5D,R M2,enamel bioapatite,-3.30,,,-5.40,Nado et al. (2017),https://doi.org/10.1016/j.jaa.2004.08.002
Feathered Serpent Pyramid,,6B,R M2,enamel bioapatite,-3.90,,,-7.10,Nado et al. (2017),https://doi.org/10.1016/j.jaa.2004.08.002
Feathered Serpent Pyramid,,6D,R M2,enamel bioapatite,-3.70,,,-6.80,Nado et al. (2017),https://doi.org/10.1016/j.jaa.2004.08.002
"Feathered Serpent Pyramid, trophy pendant",,T190F:1 (96.92),UL C,enamel bioapatite,-1.14,,,-6.14,Price et al. (2021),https://doi.org/10.1017/S095653611900035X
"Feathered Serpent Pyramid, trophy pendant",,T190F:10 (96.68),LL C,enamel bioapatite,-2.20,,,-4.19,Price et al. (2021),https://doi.org/10.1017/S095653611900035X
"Feathered Serpent Pyramid, trophy pendant",,T190F:15 (96.70),UR C,enamel bioapatite,-0.37,,,-4.40,Price et al. (2021),https://doi.org/10.1017/S095653611900035X
"Feathered Serpent Pyramid, trophy pendant",,T4Ñ:10 (96.51),RU M3,enamel bioapatite,-0.37,,,-4.51,Price et al. (2021),https://doi.org/10.1017/S095653611900035X
"Feathered Serpent Pyramid, trophy pendant",,T4Ñ:3 (96.54),UL PI,enamel bioapatite,0.29,,,-4.08,Price et al. (2021),https://doi.org/10.1017/S095653611900035X
"Feathered Serpent Pyramid, trophy pendant",,T4Ñ:5 (96.50),UL M3,enamel bioapatite,0.09,,,-5.72,Price et al. (2021),https://doi.org/10.1017/S095653611900035X
"Feathered Serpent Pyramid, trophy pendant",,T4Ñ:6 (96.55),UR M3,enamel bioapatite,-0.24,,,-4.29,Price et al. (2021),https://doi.org/10.1017/S095653611900035X
"Feathered Serpent Pyramid, trophy pendant",,T4Ñ:6 (96.56),UR C,enamel bioapatite,-0.13,,,-4.73,Price et al. (2021),https://doi.org/10.1017/S095653611900035X
"Feathered Serpent Pyramid, trophy pendant",,T4Ñ:7 (96.52),UR M3,enamel bioapatite,-0.17,,,-4.84,Price et al. (2021),https://doi.org/10.1017/S095653611900035X
"Feathered Serpent Pyramid, trophy pendant",,T4Ñ:7 (96.53),UR C,enamel bioapatite,-1.15,,,-5.11,Price et al. (2021),https://doi.org/10.1017/S095653611900035X
"Feathered Serpent Pyramid, trophy pendant",,T4Ñ:O-1 (96.49),UL M2,enamel bioapatite,-0.03,,,-6.05,Price et al. (2021),https://doi.org/10.1017/S095653611900035X
"Feathered Serpent Pyramid, trophy pendant",,T5H:2 (96.45),UL M3,enamel bioapatite,0.48,,,-4.50,Price et al. (2021),https://doi.org/10.1017/S095653611900035X
"Feathered Serpent Pyramid, trophy pendant",,T5H:4 (96.47),UL M3,enamel bioapatite,-0.79,,,-6.14,Price et al. (2021),https://doi.org/10.1017/S095653611900035X
"Feathered Serpent Pyramid, trophy pendant",,T5H:6 (96.48),UL M3,enamel bioapatite,-0.09,,,-6.81,Price et al. (2021),https://doi.org/10.1017/S095653611900035X
"Feathered Serpent Pyramid, trophy pendant",,T5H:8 (96.46),UL M3,enamel bioapatite,-2.06,,,-5.03,Price et al. (2021),https://doi.org/10.1017/S095653611900035X
"La Ventilla, Frente 2",,Entierro 286,,enamel bioapatite,-2.66,,,-5.58,Arnaud Salas (2014),https://repositorio.unam.mx/contenidos/86918
"La Ventilla, Frente 2",,Entierro 53,,enamel bioapatite,-1.00,,,-6.00,Arnaud Salas (2014),https://repositorio.unam.mx/contenidos/86918
"La Ventilla, Frente 2",,Entierro 37,,enamel bioapatite,-1.56,,,-6.80,Arnaud Salas (2014),https://repositorio.unam.mx/contenidos/86918
"La Ventilla, Frente 2",,Entierro 8,,enamel bioapatite,-0.50,,,-6.07,Arnaud Salas (2014),https://repositorio.unam.mx/contenidos/86918
"La Ventilla, Frente 2",,Entierro 93,,enamel bioapatite,-2.32,,,-5.91,Arnaud Salas (2014),https://repositorio.unam.mx/contenidos/86918
"La Ventilla, Frente 2",,Artefacto 1,,enamel bioapatite,-3.11,,,-5.37,Arnaud Salas (2014),https://repositorio.unam.mx/contenidos/86918
"La Ventilla, Frente 2",,Artefacto 2,,enamel bioapatite,-3.25,,,-2.72,Arnaud Salas (2014),https://repositorio.unam.mx/contenidos/86918
"La Ventilla, Frente 2",,Artefacto 3,,enamel bioapatite,-1.81,,,-4.59,Arnaud Salas (2014),https://repositorio.unam.mx/contenidos/86918
"La Ventilla, Frente 2",,Artefacto 4,,enamel bioapatite,-4.33,,,-4.47,Arnaud Salas (2014),https://repositorio.unam.mx/contenidos/86918
"La Ventilla, Frente 2",,Artefacto 5,,enamel bioapatite,-0.80,,,-6.35,Arnaud Salas (2014),https://repositorio.unam.mx/contenidos/86918
"La Ventilla, Frente 2",,Artefacto 6,,enamel bioapatite,-1.64,,,-5.42,Arnaud Salas (2014),https://repositorio.unam.mx/contenidos/86918
"La Ventilla, Frente 3",,Entierro 136,,enamel bioapatite,-2.98,,,-7.76,Arnaud Salas (2014),https://repositorio.unam.mx/contenidos/86918
"La Ventilla, Frente 3",,Artefacto 7,,enamel bioapatite,-1.44,,,-5.03,Arnaud Salas (2014),https://repositorio.unam.mx/contenidos/86918
"La Ventilla, Frente 3",,Artefacto 8,,enamel bioapatite,-1.09,,,-7.39,Arnaud Salas (2014),https://repositorio.unam.mx/contenidos/86918
"La Ventilla, Frente 3",,Artefacto 8-1,,enamel bioapatite,-0.55,,,-6.28,Arnaud Salas (2014),https://repositorio.unam.mx/contenidos/86918
"La Ventilla, Frente 3",,Artefacto 9,,enamel bioapatite,-1.69,,,-6.01,Arnaud Salas (2014),https://repositorio.unam.mx/contenidos/86918
"La Ventilla, Frente 3",,Entierro 247 Individuo 1,,enamel bioapatite,-1.47,,,-6.44,Arnaud Salas (2014),https://repositorio.unam.mx/contenidos/86918
"La Ventilla, Frente 3",,Entierro 227,,enamel bioapatite,-1.23,,,-6.09,Arnaud Salas (2014),https://repositorio.unam.mx/contenidos/86918
"La Ventilla, Frente 3",,Entierro 228,,enamel bioapatite,-1.00,,,-6.36,Arnaud Salas (2014),https://repositorio.unam.mx/contenidos/86918
"La Ventilla, Frente 3",,Entierro 153,,enamel bioapatite,-0.35,,,-6.29,Arnaud Salas (2014),https://repositorio.unam.mx/contenidos/86918
"La Ventilla, Frente 3",,Entierro 96 Individuo 2,,enamel bioapatite,-6.87,,,-2.68,Arnaud Salas (2014),https://repositorio.unam.mx/contenidos/86918
"La Ventilla, Frente 3",,Entierro 90,,enamel bioapatite,-1.43,,,-4.88,Arnaud Salas (2014),https://repositorio.unam.mx/contenidos/86918
"La Ventilla, Frente 3",,Entierro 100,,enamel bioapatite,-0.77,,,-6.51,Arnaud Salas (2014),https://repositorio.unam.mx/contenidos/86918
"La Ventilla, Frente 3",,Entierro 74,,enamel bioapatite,-0.81,,,-7.35,Arnaud Salas (2014),https://repositorio.unam.mx/contenidos/86918
"La Ventilla, Frente 3",,Entierro 88a,,enamel bioapatite,-1.70,,,-6.58,Arnaud Salas (2014),https://repositorio.unam.mx/contenidos/86918
"La Ventilla, Frente 3",,Entierro 171,,enamel bioapatite,-2.38,,,-4.73,Arnaud Salas (2014),https://repositorio.unam.mx/contenidos/86918
Tlailotlacan (Oaxaca Barrio),,10-TL11,R M3,enamel bioapatite,-3.50,,,-7.60,Nado (2017),https://keep.lib.asu.edu/items/155542
Tlailotlacan (Oaxaca Barrio),,1-TL1A,R M3,enamel bioapatite,-3.40,,,-7.00,Nado (2017),https://keep.lib.asu.edu/items/155542
Tlailotlacan (Oaxaca Barrio),,20-TL11,R M3,enamel bioapatite,-4.00,,,-7.50,Nado (2017),https://keep.lib.asu.edu/items/155542
Tlailotlacan (Oaxaca Barrio),,21-TL11,R M3,enamel bioapatite,-2.30,,,-7.00,Nado (2017),https://keep.lib.asu.edu/items/155542
Tlailotlacan (Oaxaca Barrio),,2-TL1,R M3,enamel bioapatite,-3.00,,,-6.20,Nado (2017),https://keep.lib.asu.edu/items/155542
Tlailotlacan (Oaxaca Barrio),,2-TL11,R M3,enamel bioapatite,-3.20,,,-7.40,Nado (2017),https://keep.lib.asu.edu/items/155542
Tlailotlacan (Oaxaca Barrio),,3-TL67,L M3,enamel bioapatite,-1.80,,,-7.10,Nado (2017),https://keep.lib.asu.edu/items/155542
Tlailotlacan (Oaxaca Barrio),,41-TL11,L M3,enamel bioapatite,-2.60,,,-7.90,Nado (2017),https://keep.lib.asu.edu/items/155542
Tlailotlacan (Oaxaca Barrio),,4-TL67,L M3,enamel bioapatite,-1.90,,,-7.30,Nado (2017),https://keep.lib.asu.edu/items/155542
Tlailotlacan (Oaxaca Barrio),,5-TL1,R M3,enamel bioapatite,-1.90,,,-6.40,Nado (2017),https://keep.lib.asu.edu/items/155542
Teopancazco,,3,M3,enamel bioapatite,-1.50,,,,Casar et al. (2017),https://doi.org/10.1007/s12520-016-0422-0
Teopancazco,,5,M2,enamel bioapatite,-0.40,,,-6.00,Casar et al. (2017),https://doi.org/10.1007/s12520-016-0422-0
Teopancazco,,7,M3,enamel bioapatite,-1.40,,,-6.00,Casar et al. (2017),https://doi.org/10.1007/s12520-016-0422-0
Teopancazco,,8,M2,enamel bioapatite,-0.50,,,,Casar et al. (2017),https://doi.org/10.1007/s12520-016-0422-0
Teopancazco,,9,M3,enamel bioapatite,-0.70,,,-7.20,Casar et al. (2017),https://doi.org/10.1007/s12520-016-0422-0
Teopancazco,,14,M2,enamel bioapatite,-1.70,,,-5.30,Casar et al. (2017),https://doi.org/10.1007/s12520-016-0422-0
Teopancazco,,15,M3,enamel bioapatite,-0.60,,,-6.10,Casar et al. (2017),https://doi.org/10.1007/s12520-016-0422-0
Teopancazco,,17,M3,enamel bioapatite,-1.10,,,-6.70,Casar et al. (2017),https://doi.org/10.1007/s12520-016-0422-0
Teopancazco,,28,M3,enamel bioapatite,-5.00,,,-6.70,Casar et al. (2017),https://doi.org/10.1007/s12520-016-0422-0
Teopancazco,,39,M2,enamel bioapatite,-1.10,,,-3.70,Casar et al. (2017),https://doi.org/10.1007/s12520-016-0422-0
Teopancazco,,40,M3,enamel bioapatite,-0.70,,,-5.90,Casar et al. (2017),https://doi.org/10.1007/s12520-016-0422-0
Teopancazco,,46,M2,enamel bioapatite,-1.60,,,-7.00,Casar et al. (2017),https://doi.org/10.1007/s12520-016-0422-0
Teopancazco,,50,M3,enamel bioapatite,-1.80,,,-5.80,Casar et al. (2017),https://doi.org/10.1007/s12520-016-0422-0
Teopancazco,,55,M3,enamel bioapatite,-0.70,,,-5.70,Casar et al. (2017),https://doi.org/10.1007/s12520-016-0422-0
Teopancazco,,60,M3,enamel bioapatite,-2.40,,,-4.40,Casar et al. (2017),https://doi.org/10.1007/s12520-016-0422-0
Teopancazco,,65,M2,enamel bioapatite,-5.30,,,-0.80,Casar et al. (2017),https://doi.org/10.1007/s12520-016-0422-0
Teopancazco,,67,M3,enamel bioapatite,-3.20,,,-4.60,Casar et al. (2017),https://doi.org/10.1007/s12520-016-0422-0
Teopancazco,,70,M3,enamel bioapatite,-0.30,,,-6.50,Casar et al. (2017),https://doi.org/10.1007/s12520-016-0422-0
Teopancazco,,71,M2,enamel bioapatite,-1.90,,,-2.90,Casar et al. (2017),https://doi.org/10.1007/s12520-016-0422-0
Teopancazco,,72,M3,enamel bioapatite,-2.90,,,-3.50,Casar et al. (2017),https://doi.org/10.1007/s12520-016-0422-0
Teopancazco,,73,M3,enamel bioapatite,-4.90,,,-5.10,Casar et al. (2017),https://doi.org/10.1007/s12520-016-0422-0
Teopancazco,,75,M3,enamel bioapatite,-0.40,,,-6.10,Casar et al. (2017),https://doi.org/10.1007/s12520-016-0422-0
Teopancazco,,77,M3,enamel bioapatite,-1.40,,,-6.60,Casar et al. (2017),https://doi.org/10.1007/s12520-016-0422-0
Teopancazco,,78,M3,enamel bioapatite,-1.50,,,-5.60,Casar et al. (2017),https://doi.org/10.1007/s12520-016-0422-0
Teopancazco,,82,M3,enamel bioapatite,-1.80,,,-4.10,Casar et al. (2017),https://doi.org/10.1007/s12520-016-0422-0
Teopancazco,,86,M2,enamel bioapatite,-0.60,,,,Casar et al. (2017),https://doi.org/10.1007/s12520-016-0422-0
Teopancazco,,91,M3,enamel bioapatite,-4.00,,,-1.60,Casar et al. (2017),https://doi.org/10.1007/s12520-016-0422-0
Teopancazco,,92,M3,enamel bioapatite,-1.20,,,-7.30,Casar et al. (2017),https://doi.org/10.1007/s12520-016-0422-0
Teopancazco,,98,M3,enamel bioapatite,-1.80,,,-7.30,Casar et al. (2017),https://doi.org/10.1007/s12520-016-0422-0
Teopancazco,,102,M3,enamel bioapatite,-1.90,,,-7.00,Casar et al. (2017),https://doi.org/10.1007/s12520-016-0422-0
Teopancazco,,105,M3,enamel bioapatite,-1.70,,,-6.30,Casar et al. (2017),https://doi.org/10.1007/s12520-016-0422-0
Teopancazco,,106,M3,enamel bioapatite,-2.40,,,-5.60,Casar et al. (2017),https://doi.org/10.1007/s12520-016-0422-0
Teopancazco,,106,M3,enamel bioapatite,-2.40,,,,Casar et al. (2017),https://doi.org/10.1007/s12520-016-0422-0
Teopancazco,,108,M2,enamel bioapatite,-1.60,,,-5.90,Casar et al. (2017),https://doi.org/10.1007/s12520-016-0422-0
Teopancazco,,112,M3,enamel bioapatite,-3.90,,,-4.20,Casar et al. (2017),https://doi.org/10.1007/s12520-016-0422-0
Teopancazco,,116,M3,enamel bioapatite,-1.90,,,-6.00,Casar et al. (2017),https://doi.org/10.1007/s12520-016-0422-0
Teopancazco,,10A,M2,enamel bioapatite,-2.70,,,-4.80,Casar et al. (2017),https://doi.org/10.1007/s12520-016-0422-0
Teopancazco,,13A,M3,enamel bioapatite,-2.60,,,,Casar et al. (2017),https://doi.org/10.1007/s12520-016-0422-0
Teopancazco,,24A,M3,enamel bioapatite,-0.70,,,-4.80,Casar et al. (2017),https://doi.org/10.1007/s12520-016-0422-0
Teopancazco,,28F,M3,enamel bioapatite,-6.40,,,-2.60,Casar et al. (2017),https://doi.org/10.1007/s12520-016-0422-0
Teopancazco,,74A,M3,enamel bioapatite,-3.40,,,-4.60,Casar et al. (2017),https://doi.org/10.1007/s12520-016-0422-0
Teopancazco,,2,M,enamel bioapatite,,,,,Casar et al. (2017),https://doi.org/10.1007/s12520-016-0422-0
Teopancazco,,3,M,enamel bioapatite,,,,-6.40,Casar et al. (2017),https://doi.org/10.1007/s12520-016-0422-0
Teopancazco,,4,M,enamel bioapatite,,,,-6.80,Casar et al. (2017),https://doi.org/10.1007/s12520-016-0422-0
Teopancazco,,13A,M,enamel bioapatite,,,,-4.20,Casar et al. (2017),https://doi.org/10.1007/s12520-016-0422-0
,,,,,,,,,,
Copan,,F5284,LRM1,enamel bioapatite,-3.90,,,-1.66,Price et al. 2014,https://doi.org/10.1016/j.jaa.2014.02.003
Copan,,F5285,URM1,enamel bioapatite,-2.23,,,-4.50,Price et al. 2014,https://doi.org/10.1016/j.jaa.2014.02.003
Copan,,F5286,URM1,enamel bioapatite,-4.96,,,-3.65,Price et al. 2014,https://doi.org/10.1016/j.jaa.2014.02.003
Copan,,F5287,LRM1,enamel bioapatite,-4.37,,,-1.16,Price et al. 2014,https://doi.org/10.1016/j.jaa.2014.02.003
Copan,,F5288,ULM1,enamel bioapatite,-2.84,,,-4.20,Price et al. 2014,https://doi.org/10.1016/j.jaa.2014.02.003
Copan,,F5307,URM1,enamel bioapatite,-3.59,,,-2.88,Price et al. 2014,https://doi.org/10.1016/j.jaa.2014.02.003
Copan,,F5308,URM1,enamel bioapatite,-4.01,,,-1.79,Price et al. 2014,https://doi.org/10.1016/j.jaa.2014.02.003
Copan,,F5309,URM1,enamel bioapatite,-2.83,,,-4.50,Price et al. 2014,https://doi.org/10.1016/j.jaa.2014.02.003
Copan,,F5310,LRM2,enamel bioapatite,-6.25,,,-1.30,Price et al. 2014,https://doi.org/10.1016/j.jaa.2014.02.003
Copan,,F5311,URM1,enamel bioapatite,-5.54,,,-0.88,Price et al. 2014,https://doi.org/10.1016/j.jaa.2014.02.003
Copan,,F5312,ULM1,enamel bioapatite,-2.42,,,-4.52,Price et al. 2014,https://doi.org/10.1016/j.jaa.2014.02.003
Copan,,F5313,LLM1,enamel bioapatite,-3.27,,,-4.39,Price et al. 2014,https://doi.org/10.1016/j.jaa.2014.02.003
Copan,,F5289,LRM1,enamel bioapatite,-4.09,,,-1.06,Price et al. 2014,https://doi.org/10.1016/j.jaa.2014.02.003
Copan,,F5314,LRM2 (dec.),enamel bioapatite,-2.69,,,-4.52,Price et al. 2014,https://doi.org/10.1016/j.jaa.2014.02.003
Copan,,F5290,ULM1 (dec.),enamel bioapatite,-3.54,,,-4.28,Price et al. 2014,https://doi.org/10.1016/j.jaa.2014.02.003
Copan,,F5315,LRM2 (dec.),enamel bioapatite,-2.93,,,-4.17,Price et al. 2014,https://doi.org/10.1016/j.jaa.2014.02.003
Copan,,F5291,URM2,enamel bioapatite,-4.27,,,-4.59,Price et al. 2014,https://doi.org/10.1016/j.jaa.2014.02.003
Copan,,F5292,URM1,enamel bioapatite,-3.50,,,-3.72,Price et al. 2014,https://doi.org/10.1016/j.jaa.2014.02.003
Copan,,F5293,URM1,enamel bioapatite,-2.07,,,-4.95,Price et al. 2014,https://doi.org/10.1016/j.jaa.2014.02.003
Copan,,F5294,LRM1,enamel bioapatite,-2.72,,,-4.66,Price et al. 2014,https://doi.org/10.1016/j.jaa.2014.02.003
Copan,,F5295,URM1 (dec.),enamel bioapatite,-1.43,,,-4.30,Price et al. 2014,https://doi.org/10.1016/j.jaa.2014.02.003
Copan,,F5296,LLM1,enamel bioapatite,-2.29,,,-2.43,Price et al. 2014,https://doi.org/10.1016/j.jaa.2014.02.003
Copan,,F5297,URM1,enamel bioapatite,-3.13,,,-4.51,Price et al. 2014,https://doi.org/10.1016/j.jaa.2014.02.003
Copan,,F5298,ULM1,enamel bioapatite,-5.65,,,-0.21,Price et al. 2014,https://doi.org/10.1016/j.jaa.2014.02.003
Copan,,F5299,ULM1,enamel bioapatite,-2.50,,,-2.94,Price et al. 2014,https://doi.org/10.1016/j.jaa.2014.02.003
Copan,,F5300,LRM (dec.),enamel bioapatite,-3.13,,,-4.37,Price et al. 2014,https://doi.org/10.1016/j.jaa.2014.02.003
Copan,,F5301,URM1,enamel bioapatite,-2.25,,,-4.26,Price et al. 2014,https://doi.org/10.1016/j.jaa.2014.02.003
Copan,,F5302,LLM2 (dec.),enamel bioapatite,-1.66,,,-4.37,Price et al. 2014,https://doi.org/10.1016/j.jaa.2014.02.003
Copan,,F5303,LLM1,enamel bioapatite,-3.91,,,-4.38,Price et al. 2014,https://doi.org/10.1016/j.jaa.2014.02.003
Copan,,F5304,LLM1,enamel bioapatite,-0.89,,,-4.39,Price et al. 2014,https://doi.org/10.1016/j.jaa.2014.02.003
Copan,,F5305,LLM1,enamel bioapatite,-3.81,,,-2.72,Price et al. 2014,https://doi.org/10.1016/j.jaa.2014.02.003
Copan,,,"I2, mand",enamel bioapatite,-2.90,,,-0.27,Wright 2013,
Copan,,,"M3, max L",enamel bioapatite,-4.95,,,-1.63,Wright 2013,
Copan,,,"M1, mand R",enamel bioapatite,-0.51,,,-3.19,Wright 2013,
Copan,,,"M1, mand R",enamel bioapatite,-0.25,,,-3.25,Wright 2013,
Copan,,,"M1, mand R",enamel bioapatite,-0.21,,,-3.70,Wright 2013,
Copan,,,"M3, mand R",enamel bioapatite,-0.88,,,-3.99,Wright 2013,
Copan,,,"I2, mand",enamel bioapatite,-3.59,,,-2.97,Wright 2013,
Copan,,,"I2, mand",enamel bioapatite,-3.77,,,-2.81,Wright 2013,
Copan,,,"P3, mand L",enamel bioapatite,-1.86,,,-4.52,Wright 2013,
Copan,,,"M3, mand R",enamel bioapatite,-2.99,,,-5.01,Wright 2013,
Copan,,,"M1, mand L",enamel bioapatite,-5.45,,,-2.28,Wright 2013,
Copan,,,"M1, mand L",enamel bioapatite,-5.21,,,-2.21,Wright 2013,
Copan,,,"M1, mand L",enamel bioapatite,-5.90,,,-2.29,Wright 2013,
Copan,,,"M3, mand L",enamel bioapatite,-4.09,,,-2.66,Wright 2013,
Copan,,,,enamel bioapatite,-5.80,,,-3.80,Suzuki et al. 2020,https://doi.org/10.1016/j.jaa.2020.101228
Copan,,,,enamel bioapatite,-2.70,,,-4.40,Suzuki et al. 2020,https://doi.org/10.1016/j.jaa.2020.101228
Copan,,,,enamel bioapatite,-2.00,,,-4.20,Suzuki et al. 2020,https://doi.org/10.1016/j.jaa.2020.101228
Copan,,,,enamel bioapatite,-2.30,,,-5.60,Suzuki et al. 2020,https://doi.org/10.1016/j.jaa.2020.101228
Copan,,,,enamel bioapatite,-6.50,,,-2.00,Suzuki et al. 2020,https://doi.org/10.1016/j.jaa.2020.101228
Copan,,,,enamel bioapatite,-2.60,,,-4.50,Suzuki et al. 2020,https://doi.org/10.1016/j.jaa.2020.101228
Copan,,,,enamel bioapatite,-2.20,,,-3.50,Suzuki et al. 2020,https://doi.org/10.1016/j.jaa.2020.101228
Copan,,,,enamel bioapatite,-5.30,,,-2.90,Suzuki et al. 2020,https://doi.org/10.1016/j.jaa.2020.101228
Copan,,,,enamel bioapatite,-8.60,,,-2.30,Suzuki et al. 2020,https://doi.org/10.1016/j.jaa.2020.101228
Copan,,,,enamel bioapatite,-8.10,,,-0.10,Suzuki et al. 2020,https://doi.org/10.1016/j.jaa.2020.101228
Copan,,,,enamel bioapatite,-2.40,,,-4.40,Suzuki et al. 2020,https://doi.org/10.1016/j.jaa.2020.101228
Copan,,,,enamel bioapatite,-2.50,,,-4.30,Suzuki et al. 2020,https://doi.org/10.1016/j.jaa.2020.101228
Copan,,,,enamel bioapatite,-5.80,,,-2.80,Suzuki et al. 2020,https://doi.org/10.1016/j.jaa.2020.101228
Copan,,,,enamel bioapatite,-2.60,,,-1.70,Suzuki et al. 2020,https://doi.org/10.1016/j.jaa.2020.101228
Copan,,,,enamel bioapatite,-7.50,,,-1.80,Suzuki et al. 2020,https://doi.org/10.1016/j.jaa.2020.101228
Copan,,,,enamel bioapatite,-4.10,,,-3.60,Suzuki et al. 2020,https://doi.org/10.1016/j.jaa.2020.101228
Copan,,,,enamel bioapatite,-3.10,,,-5.20,Suzuki et al. 2020,https://doi.org/10.1016/j.jaa.2020.101228
Copan,,,,enamel bioapatite,-2.80,,,-3.60,Suzuki et al. 2020,https://doi.org/10.1016/j.jaa.2020.101228
Copan,,,,enamel bioapatite,-5.90,,,-0.30,Suzuki et al. 2020,https://doi.org/10.1016/j.jaa.2020.101228
Copan,,,,enamel bioapatite,-2.60,,,-4.40,Suzuki et al. 2020,https://doi.org/10.1016/j.jaa.2020.101228
Copan,,,,enamel bioapatite,-2.90,,,-5.20,Suzuki et al. 2020,https://doi.org/10.1016/j.jaa.2020.101228
Copan,,,,enamel bioapatite,-2.60,,,-5.00,Suzuki et al. 2020,https://doi.org/10.1016/j.jaa.2020.101228
Copan,,,,enamel bioapatite,-2.60,,,-3.20,Suzuki et al. 2020,https://doi.org/10.1016/j.jaa.2020.101228
Copan,,,,enamel bioapatite,-2.20,,,-5.40,Suzuki et al. 2020,https://doi.org/10.1016/j.jaa.2020.101228
Copan,,,,enamel bioapatite,-3.80,,,-1.80,Suzuki et al. 2020,https://doi.org/10.1016/j.jaa.2020.101228
Copan,,,,enamel bioapatite,,,,,Suzuki et al. 2020,https://doi.org/10.1016/j.jaa.2020.101228
Copan,,,,enamel bioapatite,-6.80,,,-2.40,Suzuki et al. 2020,https://doi.org/10.1016/j.jaa.2020.101228
Copan,,,,enamel bioapatite,-4.60,,,-3.30,Suzuki et al. 2020,https://doi.org/10.1016/j.jaa.2020.101228
Copan,,,,enamel bioapatite,-7.80,,,2.20,Suzuki et al. 2020,https://doi.org/10.1016/j.jaa.2020.101228
Copan,,,,enamel bioapatite,-2.80,,,-4.40,Suzuki et al. 2020,https://doi.org/10.1016/j.jaa.2020.101228
Copan,,,,enamel bioapatite,-2.10,,,-5.90,Suzuki et al. 2020,https://doi.org/10.1016/j.jaa.2020.101228
Copan,,,,enamel bioapatite,-2.80,,,-4.20,Suzuki et al. 2020,https://doi.org/10.1016/j.jaa.2020.101228
Copan,,,,enamel bioapatite,-1.70,,,-5.90,Suzuki et al. 2020,https://doi.org/10.1016/j.jaa.2020.101228
Copan,,,,enamel bioapatite,-3.20,,,-4.10,Suzuki et al. 2020,https://doi.org/10.1016/j.jaa.2020.101228
Copan,,,,enamel bioapatite,-3.60,,,-4.70,Suzuki et al. 2020,https://doi.org/10.1016/j.jaa.2020.101228
Copan,,,,enamel bioapatite,-3.90,,,-3.60,Suzuki et al. 2020,https://doi.org/10.1016/j.jaa.2020.101228
Copan,,,,enamel bioapatite,-3.70,,,-4.00,Suzuki et al. 2020,https://doi.org/10.1016/j.jaa.2020.101228
Copan,,,,enamel bioapatite,-3.90,,,-3.50,Suzuki et al. 2020,https://doi.org/10.1016/j.jaa.2020.101228
Copan,,,,enamel bioapatite,-2.40,,,-3.50,Suzuki et al. 2020,https://doi.org/10.1016/j.jaa.2020.101228
Copan,,,,enamel bioapatite,-3.40,,,-4.20,Suzuki et al. 2020,https://doi.org/10.1016/j.jaa.2020.101228
Copan,,,,enamel bioapatite,-8.00,,,-0.90,Suzuki et al. 2020,https://doi.org/10.1016/j.jaa.2020.101228
Copan,,,,enamel bioapatite,-6.90,,,-1.10,Suzuki et al. 2020,https://doi.org/10.1016/j.jaa.2020.101228
Copan,,,,enamel bioapatite,-2.10,,,-4.00,Suzuki et al. 2020,https://doi.org/10.1016/j.jaa.2020.101228
Copan,,,,enamel bioapatite,-3.30,,,-2.20,Suzuki et al. 2020,https://doi.org/10.1016/j.jaa.2020.101228
Copan,,,,enamel bioapatite,-6.30,,,-2.10,Suzuki et al. 2020,https://doi.org/10.1016/j.jaa.2020.101228
Copan,,,,enamel bioapatite,-0.70,,,-5.60,Suzuki et al. 2020,https://doi.org/10.1016/j.jaa.2020.101228
Copan,,,,enamel bioapatite,-3.90,,,-2.70,Suzuki et al. 2020,https://doi.org/10.1016/j.jaa.2020.101228
Copan,,,,enamel bioapatite,-3.60,,,-3.10,Suzuki et al. 2020,https://doi.org/10.1016/j.jaa.2020.101228
Copan,,,,enamel bioapatite,,,,,Suzuki et al. 2020,https://doi.org/10.1016/j.jaa.2020.101228
Copan,,,,enamel bioapatite,-1.60,,,-4.60,Suzuki et al. 2020,https://doi.org/10.1016/j.jaa.2020.101228
Copan,,,,enamel bioapatite,-6.80,,,-0.30,Suzuki et al. 2020,https://doi.org/10.1016/j.jaa.2020.101228
Copan,,,,enamel bioapatite,-6.70,,,-2.90,Suzuki et al. 2020,https://doi.org/10.1016/j.jaa.2020.101228
Copan,,,,enamel bioapatite,-1.30,,,-4.70,Suzuki et al. 2020,https://doi.org/10.1016/j.jaa.2020.101228
Copan,,,,enamel bioapatite,-1.20,,,-2.30,Suzuki et al. 2020,https://doi.org/10.1016/j.jaa.2020.101228
Copan,,,,enamel bioapatite,-3.60,,,-4.50,Suzuki et al. 2020,https://doi.org/10.1016/j.jaa.2020.101228
Copan,,,,enamel bioapatite,-4.40,,,-1.60,Suzuki et al. 2020,https://doi.org/10.1016/j.jaa.2020.101228
Copan,,,,enamel bioapatite,-4.30,,,-4.50,Suzuki et al. 2020,https://doi.org/10.1016/j.jaa.2020.101228
Copan,,,,enamel bioapatite,-2.80,,,-2.70,Suzuki et al. 2020,https://doi.org/10.1016/j.jaa.2020.101228
Copan,,,,enamel bioapatite,-4.10,,,-4.50,Suzuki et al. 2020,https://doi.org/10.1016/j.jaa.2020.101228
Copan,,,,enamel bioapatite,-3.40,,,-4.10,Suzuki et al. 2020,https://doi.org/10.1016/j.jaa.2020.101228
Copan,,,,enamel bioapatite,-7.40,,,-1.70,Suzuki et al. 2020,https://doi.org/10.1016/j.jaa.2020.101228
Copan,,,,enamel bioapatite,-2.20,,,-5.60,Suzuki et al. 2020,https://doi.org/10.1016/j.jaa.2020.101228
Copan,,,,enamel bioapatite,-5.00,,,-1.70,Suzuki et al. 2020,https://doi.org/10.1016/j.jaa.2020.101228
Copan,,,,enamel bioapatite,-4.50,,,-3.20,Suzuki et al. 2020,https://doi.org/10.1016/j.jaa.2020.101228
Copan,,,,enamel bioapatite,-1.70,,,-4.20,Suzuki et al. 2020,https://doi.org/10.1016/j.jaa.2020.101228
Copan,,,"I2, mand L",enamel bioapatite,-4.50,,,-3.17,Wright 2013,
Copan,,,"M1, mand L",enamel bioapatite,-4.56,,,-4.10,Wright 2013,
Copan,,,"M1, mand L",enamel bioapatite,-4.40,,,-3.39,Wright 2013,
Copan,,,"M1, mand L",enamel bioapatite,-4.65,,,-3.36,Wright 2013,
Copan,,,"M3, max R",enamel bioapatite,-2.53,,,-4.02,Wright 2013,
Copan,,,"I2, mand",enamel bioapatite,-3.69,,,-4.38,Wright 2013,
Copan,,,"I2, mand",enamel bioapatite,-3.01,,,-4.52,Wright 2013,
Copan,,,"I2, mand",enamel bioapatite,-2.40,,,-4.86,Wright 2013,
Copan,,,"M3, max",enamel bioapatite,-2.14,,,-4.96,Wright 2013,
Copan,,,"I2, max",enamel bioapatite,-4.47,,,-1.38,Wright 2013,
Copan,,,"I2, max",enamel bioapatite,-4.23,,,-1.66,Wright 2013,
Copan,,,"M3, mand",enamel bioapatite,-3.27,,,-3.44,Wright 2013,
Copan,,,"M3, max",enamel bioapatite,-4.63,,,-4.35,Wright 2013,
Copan,,,"I1, max R",enamel bioapatite,-3.26,,,-5.03,Wright 2013,
Copan,,,"I1, max R",enamel bioapatite,-3.04,,,-5.05,Wright 2013,
Copan,,,"M1, mand R",enamel bioapatite,-3.46,,,-5.15,Wright 2013,
Copan,,,"M1, mand R",enamel bioapatite,-3.09,,,-5.56,Wright 2013,
Copan,,,"M3, mand L",enamel bioapatite,-2.99,,,-5.77,Wright 2013,
Copan,,,"I1, max R",enamel bioapatite,-4.93,,,-1.10,Wright 2013,
Copan,,,"I1, max R",enamel bioapatite,-5.94,,,-0.99,Wright 2013,
Copan,,,"I1, max R",enamel bioapatite,-6.20,,,-0.88,Wright 2013,
Copan,,,"I1, max R",enamel bioapatite,-4.96,,,-0.25,Wright 2013,
Copan,,,"M1, max R",enamel bioapatite,-5.23,,,-1.16,Wright 2013,
Copan,,,"M1, max R",enamel bioapatite,-5.54,,,-1.16,Wright 2013,
Copan,,,"M1, max R",enamel bioapatite,-5.73,,,-0.76,Wright 2013,
Copan,,,"M3, mand L",enamel bioapatite,-3.30,,,-5.96,Wright 2013,
Kaminaljuyu,,KJ1,Mand M1,enamel bioapatite,-0.79,,,-5.24,Wright and Schwarcz 1998,https://doi.org/10.1002/(SICI)1096-8644(199805)106:1<1::AID-AJPA1>3.0.CO;2-W
Kaminaljuyu,,KJ1,Mand P4,enamel bioapatite,-0.58,,,-5.20,Wright and Schwarcz 1998,https://doi.org/10.1002/(SICI)1096-8644(199805)106:1<1::AID-AJPA1>3.0.CO;2-W
Kaminaljuyu,,KJ1,Max M3,enamel bioapatite,-1.56,,,-5.86,Wright and Schwarcz 1998,https://doi.org/10.1002/(SICI)1096-8644(199805)106:1<1::AID-AJPA1>3.0.CO;2-W
Kaminaljuyu,,KJ46,Mand P3,enamel bioapatite,-3.19,,,-2.02,Wright and Schwarcz 1998,https://doi.org/10.1002/(SICI)1096-8644(199805)106:1<1::AID-AJPA1>3.0.CO;2-W
Kaminaljuyu,,KJ45,max M3,enamel bioapatite,-3.89,,,-4.98,Wright and Schwarcz 1999,https://doi.org/10.1006/jasc.1998.0351
Kaminaljuyu,,KJ20-3,Max P3,enamel bioapatite,-3.40,,,-4.40,Wright et al. 2010,https://doi.org/10.1016/j.jaa.2010.01.002
Kaminaljuyu,,KJ20-4,Man M3,enamel bioapatite,-1.80,,,-5.50,Wright et al. 2010,https://doi.org/10.1016/j.jaa.2010.01.002
Kaminaljuyu,,KJ40-2,Man M1,enamel bioapatite,-2.60,,,-4.70,Wright et al. 2010,https://doi.org/10.1016/j.jaa.2010.01.002
Kaminaljuyu,,KJ40-3,Max P4,enamel bioapatite,-1.80,,,-5.40,Wright et al. 2010,https://doi.org/10.1016/j.jaa.2010.01.002
Kaminaljuyu,,KJ11-2,Max M1,enamel bioapatite,-1.80,,,-5.20,Wright et al. 2010,https://doi.org/10.1016/j.jaa.2010.01.002
Kaminaljuyu,,KJ11-3,max P4,enamel bioapatite,-1.70,,,-5.10,Wright et al. 2010,https://doi.org/10.1016/j.jaa.2010.01.002
Kaminaljuyu,,KJ11-4,Max M3,enamel bioapatite,-1.00,,,-5.30,Wright et al. 2010,https://doi.org/10.1016/j.jaa.2010.01.002
Kaminaljuyu,,KJ25-2,Man M1,enamel bioapatite,-4.47,,,-4.50,Wright et al. 2010,https://doi.org/10.1016/j.jaa.2010.01.002
Kaminaljuyu,,KJ25-3,Man P3,enamel bioapatite,-3.42,,,-5.50,Wright et al. 2010,https://doi.org/10.1016/j.jaa.2010.01.002
Kaminaljuyu,,KJ25-4,Max M3,enamel bioapatite,-4.00,,,-5.00,Wright et al. 2010,https://doi.org/10.1016/j.jaa.2010.01.002
Kaminaljuyu,,KJ10-2,Max M1,enamel bioapatite,-3.50,,,-4.50,Wright et al. 2010,https://doi.org/10.1016/j.jaa.2010.01.002
Kaminaljuyu,,KJ10-3,Max P4,enamel bioapatite,-2.90,,,-4.80,Wright et al. 2010,https://doi.org/10.1016/j.jaa.2010.01.002
Kaminaljuyu,,KJ10-4,Max M3,enamel bioapatite,-1.90,,,-5.90,Wright et al. 2010,https://doi.org/10.1016/j.jaa.2010.01.002
Kaminaljuyu,,KJ36-2,Man M1,enamel bioapatite,-1.09,,,-5.40,Wright et al. 2010,https://doi.org/10.1016/j.jaa.2010.01.002
Kaminaljuyu,,KJ36-3,Man P4,enamel bioapatite,-0.78,,,-5.60,Wright et al. 2010,https://doi.org/10.1016/j.jaa.2010.01.002
Kaminaljuyu,,KJ36-4,Man M3,enamel bioapatite,-0.43,,,-6.00,Wright et al. 2010,https://doi.org/10.1016/j.jaa.2010.01.002
Kaminaljuyu,,KJ22-2,Man M1,enamel bioapatite,-1.40,,,-4.50,Wright et al. 2010,https://doi.org/10.1016/j.jaa.2010.01.002
Kaminaljuyu,,KJ35-2,Man M1,enamel bioapatite,-2.23,,,-4.80,Wright et al. 2010,https://doi.org/10.1016/j.jaa.2010.01.002
Kaminaljuyu,,KJ35-3,Man P4,enamel bioapatite,-3.07,,,-4.30,Wright et al. 2010,https://doi.org/10.1016/j.jaa.2010.01.002
Kaminaljuyu,,KJ35-4,Man M3,enamel bioapatite,-3.30,,,-4.90,Wright et al. 2010,https://doi.org/10.1016/j.jaa.2010.01.002
Kaminaljuyu,,KJ15-2,Max M1,enamel bioapatite,-3.40,,,-4.80,Wright et al. 2010,https://doi.org/10.1016/j.jaa.2010.01.002
Kaminaljuyu,,KJ15-3,Max P3,enamel bioapatite,-3.60,,,-4.80,Wright et al. 2010,https://doi.org/10.1016/j.jaa.2010.01.002
Kaminaljuyu,,KJ16-2,Max M1,enamel bioapatite,-3.60,,,-4.60,Wright et al. 2010,https://doi.org/10.1016/j.jaa.2010.01.002
Kaminaljuyu,,KJ16-3,Max P3,enamel bioapatite,-2.50,,,-5.30,Wright et al. 2010,https://doi.org/10.1016/j.jaa.2010.01.002
Kaminaljuyu,,KJ16-4,Max M3,enamel bioapatite,-2.60,,,-5.40,Wright et al. 2010,https://doi.org/10.1016/j.jaa.2010.01.002
Kaminaljuyu,,KJ30-2,Man M1,enamel bioapatite,-1.00,,,-4.60,Wright et al. 2010,https://doi.org/10.1016/j.jaa.2010.01.002
Kaminaljuyu,,KJ31-3,Man P3,enamel bioapatite,-2.40,,,-5.20,Wright et al. 2010,https://doi.org/10.1016/j.jaa.2010.01.002
Kaminaljuyu,,KJ31-4,Man M3,enamel bioapatite,-2.50,,,-5.70,Wright et al. 2010,https://doi.org/10.1016/j.jaa.2010.01.002
Kaminaljuyu,,KJ32-2,Man M1,enamel bioapatite,-2.29,,,-5.40,Wright et al. 2010,https://doi.org/10.1016/j.jaa.2010.01.002
Kaminaljuyu,,KJ32-3,Max P3,enamel bioapatite,-2.75,,,-4.80,Wright et al. 2010,https://doi.org/10.1016/j.jaa.2010.01.002
Kaminaljuyu,,KJ32-4,Max M3,enamel bioapatite,-2.34,,,-5.50,Wright et al. 2010,https://doi.org/10.1016/j.jaa.2010.01.002
Kaminaljuyu,,KJ18-4,Man M3,enamel bioapatite,-3.00,,,-5.40,Wright et al. 2010,https://doi.org/10.1016/j.jaa.2010.01.002
Kaminaljuyu,,KJ19-2,Max M1,enamel bioapatite,-4.38,,,-4.50,Wright et al. 2010,https://doi.org/10.1016/j.jaa.2010.01.002
Kaminaljuyu,,KJ19-3,Max P3,enamel bioapatite,-3.55,,,-5.00,Wright et al. 2010,https://doi.org/10.1016/j.jaa.2010.01.002
Kaminaljuyu,,KJ28-2,Man M1,enamel bioapatite,-4.40,,,-4.50,Wright et al. 2010,https://doi.org/10.1016/j.jaa.2010.01.002
Kaminaljuyu,,KJ1-2,Man M1,enamel bioapatite,-0.80,,,-5.20,Wright et al. 2010,https://doi.org/10.1016/j.jaa.2010.01.002
Kaminaljuyu,,KJ1-3,Man P4,enamel bioapatite,-0.60,,,-5.20,Wright et al. 2010,https://doi.org/10.1016/j.jaa.2010.01.002
Kaminaljuyu,,KJ1-4,Max M3,enamel bioapatite,-1.60,,,-5.90,Wright et al. 2010,https://doi.org/10.1016/j.jaa.2010.01.002
Kaminaljuyu,,KJ24-3,Man P4,enamel bioapatite,-4.30,,,-6.40,Wright et al. 2010,https://doi.org/10.1016/j.jaa.2010.01.002
Kaminaljuyu,,KJ24-4,Man M3,enamel bioapatite,-4.20,,,-6.40,Wright et al. 2010,https://doi.org/10.1016/j.jaa.2010.01.002
Kaminaljuyu,,KJ21-2,Man M1,enamel bioapatite,-4.30,,,-4.40,Wright et al. 2010,https://doi.org/10.1016/j.jaa.2010.01.002
Kaminaljuyu,,KJ33-2,Max M1,enamel bioapatite,-4.60,,,-4.30,Wright et al. 2010,https://doi.org/10.1016/j.jaa.2010.01.002
Kaminaljuyu,,KJ33-3,Max P3,enamel bioapatite,-2.50,,,-5.00,Wright et al. 2010,https://doi.org/10.1016/j.jaa.2010.01.002
Kaminaljuyu,,KJ33-4,Man M3,enamel bioapatite,-1.60,,,-5.90,Wright et al. 2010,https://doi.org/10.1016/j.jaa.2010.01.002
Kaminaljuyu,,KJ34-2,Man M1,enamel bioapatite,-3.90,,,-3.80,Wright et al. 2010,https://doi.org/10.1016/j.jaa.2010.01.002
Kaminaljuyu,,KJ34-3,Man P4,enamel bioapatite,-2.20,,,-3.70,Wright et al. 2010,https://doi.org/10.1016/j.jaa.2010.01.002
Kaminaljuyu,,KJ34-4,Man M3,enamel bioapatite,-2.20,,,-5.00,Wright et al. 2010,https://doi.org/10.1016/j.jaa.2010.01.002
Kaminaljuyu,,KJ46-2,Man M1,enamel bioapatite,-3.30,,,-4.20,Wright et al. 2010,https://doi.org/10.1016/j.jaa.2010.01.002
Kaminaljuyu,,KJ46-3,Man P3,enamel bioapatite,-3.30,,,-4.00,Wright et al. 2010,https://doi.org/10.1016/j.jaa.2010.01.002
Kaminaljuyu,,KJ46-4,Max M3,enamel bioapatite,-3.90,,,-5.00,Wright et al. 2010,https://doi.org/10.1016/j.jaa.2010.01.002
Kaminaljuyu,,KJ47-2,Man M1,enamel bioapatite,-3.40,,,-3.80,Wright et al. 2010,https://doi.org/10.1016/j.jaa.2010.01.002
Kaminaljuyu,,KJ47-3,Man P3,enamel bioapatite,-1.90,,,-4.50,Wright et al. 2010,https://doi.org/10.1016/j.jaa.2010.01.002
Kaminaljuyu,,KJ47-4,Man M3,enamel bioapatite,-1.60,,,-4.20,Wright et al. 2010,https://doi.org/10.1016/j.jaa.2010.01.002
Kaminaljuyu,,KJ45-2,Max M1,enamel bioapatite,-4.40,,,-1.70,Wright et al. 2010,https://doi.org/10.1016/j.jaa.2010.01.002
Kaminaljuyu,,KJ45-3,Man P3,enamel bioapatite,-3.20,,,-2.00,Wright et al. 2010,https://doi.org/10.1016/j.jaa.2010.01.002
Kaminaljuyu,,KJ45-4,Max M3,enamel bioapatite,-3.80,,,-1.80,Wright et al. 2010,https://doi.org/10.1016/j.jaa.2010.01.002
Kaminaljuyu,,KJ50-2,Man M1,enamel bioapatite,-2.10,,,-5.00,Wright et al. 2010,https://doi.org/10.1016/j.jaa.2010.01.002
Kaminaljuyu,,KJ50-3,Man P4,enamel bioapatite,-1.60,,,-5.20,Wright et al. 2010,https://doi.org/10.1016/j.jaa.2010.01.002
Kaminaljuyu,,KJ50-4,Max M3,enamel bioapatite,-1.60,,,-5.30,Wright et al. 2010,https://doi.org/10.1016/j.jaa.2010.01.002
Kaminaljuyu,,KJ48-3,Man P3,enamel bioapatite,-2.80,,,-4.40,Wright et al. 2010,https://doi.org/10.1016/j.jaa.2010.01.002
Kaminaljuyu,,KJ48-4,Man M3,enamel bioapatite,-2.30,,,-4.30,Wright et al. 2010,https://doi.org/10.1016/j.jaa.2010.01.002
Kaminaljuyu,,KJ51-2,Man M1,enamel bioapatite,-4.10,,,-4.90,Wright et al. 2010,https://doi.org/10.1016/j.jaa.2010.01.002
Kaminaljuyu,,KJ51-3,Max P3,enamel bioapatite,-3.50,,,-5.30,Wright et al. 2010,https://doi.org/10.1016/j.jaa.2010.01.002
Kaminaljuyu,,KJ49-2,Man M1,enamel bioapatite,-6.50,,,-3.10,Wright et al. 2010,https://doi.org/10.1016/j.jaa.2010.01.002
Kaminaljuyu,,KJ49-3,Max P3,enamel bioapatite,-6.40,,,-3.30,Wright et al. 2010,https://doi.org/10.1016/j.jaa.2010.01.002
Kaminaljuyu,,KJ49-4,Man M3,enamel bioapatite,-0.40,,,-4.90,Wright et al. 2010,https://doi.org/10.1016/j.jaa.2010.01.002
Kaminaljuyu,,KJ44-2,Max M1,enamel bioapatite,-4.10,,,-2.90,Wright et al. 2010,https://doi.org/10.1016/j.jaa.2010.01.002
Kaminaljuyu,,KJ44-3,Max P4,enamel bioapatite,-3.90,,,-3.10,Wright et al. 2010,https://doi.org/10.1016/j.jaa.2010.01.002
Kaminaljuyu,,KJ9-3,Man P4,enamel bioapatite,-2.10,,,-5.10,Wright et al. 2010,https://doi.org/10.1016/j.jaa.2010.01.002
Kaminaljuyu,,KJ9-4,Man M3,enamel bioapatite,-2.40,,,-5.00,Wright et al. 2010,https://doi.org/10.1016/j.jaa.2010.01.002
Kaminaljuyu,,,man M1,enamel bioapatite,-4.34,,,-4.41,White et al. 2000,https://doi.org/10.1086/jar.56.4.3630930
Kaminaljuyu,,KJ53,man M3,enamel bioapatite,-2.36,,,-4.61,Wright and Schwarcz 1999,https://doi.org/10.1006/jasc.1998.0351
Kaminaljuyu,,KJ55,man M1,enamel bioapatite,-6.85,,,-2.36,Wright and Schwarcz 1999,https://doi.org/10.1006/jasc.1998.0351
Monte Alban,,1982,fibula,bone collagen,,-8.50,9.30,,Blitz 1995,
Monte Alban,,1904,femur,bone collagen,,-8.70,10.30,,Blitz 1995,
Monte Alban,,1899,femur,bone collagen,,-7.90,9.80,,Blitz 1995,
Monte Alban,,1868,femur,bone collagen,,-8.30,8.90,,Blitz 1995,
Monte Alban,,1908,femur,bone collagen,,-9.10,10.50,,Blitz 1995,
Monte Alban,,1922,tibia,bone collagen,,-7.30,9.90,,Blitz 1995,
Monte Alban,,1901,femur,bone collagen,,-11.30,12.20,,Blitz 1995,
Monte Alban,,1849,humerus,bone collagen,,-7.60,9.10,,Blitz 1995,
Monte Alban,,2097,humerus,bone collagen,,-8.60,12.40,,Blitz 1995,
Monte Alban,,1996,tibia,bone collagen,,-8.60,9.40,,Blitz 1995,
Monte Alban,,2029,tibia,bone collagen,,-8.20,9.60,,Blitz 1995,
Monte Alban,,2082,femur,bone collagen,,-8.10,10.50,,Blitz 1995,
Monte Alban,,2035,femur,bone collagen,,-8.40,9.00,,Blitz 1995,
Monte Alban,,2107,humerus,bone collagen,,-8.10,9.20,,Blitz 1995,
Monte Alban,,2132,femur,bone collagen,,-7.70,9.10,,Blitz 1995,
Copan Valley,,Burial 9,,bone collagen,,-11.30,5.60,,Gerry 1993,https://www.proquest.com/docview/304062578?pq-origsite=gscholar&fromopenview=true
Copan Valley,,Burial 16,,bone collagen,,-10.70,7.90,,Gerry 1993,https://www.proquest.com/docview/304062578?pq-origsite=gscholar&fromopenview=true
Copan Valley,,CP243,rib,bone collagen,,-8.58,7.36,,Reed 1998,https://www.proquest.com/docview/304454040/6F83700A94564560PQ/1?accountid=14709#
Copan Valley,,CP242,rib,bone collagen,,-10.27,7.98,,Reed 1998,https://www.proquest.com/docview/304454040/6F83700A94564560PQ/1?accountid=14709#
Copan Valley,,CP244,rib,bone collagen,,-9.12,7.94,,Reed 1998,https://www.proquest.com/docview/304454040/6F83700A94564560PQ/1?accountid=14709#
Copan Valley,,CP255,rib,bone collagen,,-9.54,7.03,,Reed 1998,https://www.proquest.com/docview/304454040/6F83700A94564560PQ/1?accountid=14709#
Copan Valley,,CP258,rib,bone collagen,,-8.16,7.79,,Reed 1998,https://www.proquest.com/docview/304454040/6F83700A94564560PQ/1?accountid=14709#
Copan Valley,,CP139,rib,bone collagen,,-8.98,8.25,,Reed 1998,https://www.proquest.com/docview/304454040/6F83700A94564560PQ/1?accountid=14709#
Copan Valley,,CP240,rib,bone collagen,,-10.96,7.42,,Reed 1998,https://www.proquest.com/docview/304454040/6F83700A94564560PQ/1?accountid=14709#
Copan Valley,,CP246,rib,bone collagen,,-9.01,6.78,,Reed 1998,https://www.proquest.com/docview/304454040/6F83700A94564560PQ/1?accountid=14709#
Copan Valley,,CP250,fragments,bone collagen,,-8.79,7.94,,Reed 1998,https://www.proquest.com/docview/304454040/6F83700A94564560PQ/1?accountid=14709#
Copan Valley,,CP239,rib,bone collagen,,-8.97,6.79,,Reed 1998,https://www.proquest.com/docview/304454040/6F83700A94564560PQ/1?accountid=14709#
Copan Valley,,CP241,rib,bone collagen,,-10.19,7.63,,Reed 1998,https://www.proquest.com/docview/304454040/6F83700A94564560PQ/1?accountid=14709#
Copan Valley,,CP174,rib,bone collagen,,-9.59,8.51,,Reed 1998,https://www.proquest.com/docview/304454040/6F83700A94564560PQ/1?accountid=14709#
Copan Valley,,CP175,rib,bone collagen,,-8.93,7.71,,Reed 1998,https://www.proquest.com/docview/304454040/6F83700A94564560PQ/1?accountid=14709#
Copan Valley,,CP180,rib,bone collagen,,-9.94,7.08,,Reed 1998,https://www.proquest.com/docview/304454040/6F83700A94564560PQ/1?accountid=14709#
Copan Valley,,Burial 1,,bone collagen,,-10.00,7.80,,Gerry 1993,https://www.proquest.com/docview/304062578?pq-origsite=gscholar&fromopenview=true
Copan Valley,,Burial 3,,bone collagen,,-11.60,6.00,,Gerry 1993,https://www.proquest.com/docview/304062578?pq-origsite=gscholar&fromopenview=true
Copan Valley,,Burial 4,,bone collagen,,-10.40,7.30,,Gerry 1993,https://www.proquest.com/docview/304062578?pq-origsite=gscholar&fromopenview=true
Copan Valley,,Burial 1,,bone collagen,,-10.60,7.60,,Gerry 1993,https://www.proquest.com/docview/304062578?pq-origsite=gscholar&fromopenview=true
Copan Valley,,Burial 1,,bone collagen,,-10.60,6.60,,Gerry 1993,https://www.proquest.com/docview/304062578?pq-origsite=gscholar&fromopenview=true
Copan Valley,,Burial 1,,bone collagen,,-5.30,,,Gerry 1993,https://www.proquest.com/docview/304062578?pq-origsite=gscholar&fromopenview=true
Copan Valley,,Burial 4,,bone collagen,,-10.90,9.10,,Gerry 1993,https://www.proquest.com/docview/304062578?pq-origsite=gscholar&fromopenview=true
Copan Valley,,Burial 5,,bone collagen,,-9.60,8.30,,Gerry 1993,https://www.proquest.com/docview/304062578?pq-origsite=gscholar&fromopenview=true
Copan Valley,,Burial 10,,bone collagen,,-9.70,8.10,,Gerry 1993,https://www.proquest.com/docview/304062578?pq-origsite=gscholar&fromopenview=true
Copan Valley,,Burial 12,,bone collagen,,-9.40,7.80,,Gerry 1993,https://www.proquest.com/docview/304062578?pq-origsite=gscholar&fromopenview=true
Copan Valley,,Burial 19,,bone collagen,,-11.20,,,Gerry 1993,https://www.proquest.com/docview/304062578?pq-origsite=gscholar&fromopenview=true
Copan Valley,,Burial 19,,bone collagen,,-5.00,,,Gerry 1993,https://www.proquest.com/docview/304062578?pq-origsite=gscholar&fromopenview=true
Copan Valley,,Burial 7,,bone collagen,,-11.10,7.20,,Gerry 1993,https://www.proquest.com/docview/304062578?pq-origsite=gscholar&fromopenview=true
Copan Valley,,Burial 9,,bone collagen,,-4.50,,,Gerry 1993,https://www.proquest.com/docview/304062578?pq-origsite=gscholar&fromopenview=true
Copan Valley,,Burial 11a,,bone collagen,,-9.40,5.20,,Gerry 1993,https://www.proquest.com/docview/304062578?pq-origsite=gscholar&fromopenview=true
Copan Valley,,Burial 11a,,bone collagen,,-6.10,,,Gerry 1993,https://www.proquest.com/docview/304062578?pq-origsite=gscholar&fromopenview=true
Copan Valley,,Burial 8,,bone collagen,,-10.10,7.20,,Gerry 1993,https://www.proquest.com/docview/304062578?pq-origsite=gscholar&fromopenview=true
Copan Valley,,Burial 24,,bone collagen,,-10.50,7.90,,Gerry 1993,https://www.proquest.com/docview/304062578?pq-origsite=gscholar&fromopenview=true
Copan Valley,,Burial 24,,bone collagen,,-6.30,,,Gerry 1993,https://www.proquest.com/docview/304062578?pq-origsite=gscholar&fromopenview=true
Copan Valley,,Burial 12,,bone collagen,,-9.30,7.80,,Gerry 1993,https://www.proquest.com/docview/304062578?pq-origsite=gscholar&fromopenview=true
Copan Valley,,Burial 12,,bone collagen,,-7.00,,,Gerry 1993,https://www.proquest.com/docview/304062578?pq-origsite=gscholar&fromopenview=true
Copan Valley,,Burial 18,,bone collagen,,-10.70,7.90,,Gerry 1993,https://www.proquest.com/docview/304062578?pq-origsite=gscholar&fromopenview=true
Copan Valley,,Burial 18,,bone collagen,,-6.30,,,Gerry 1993,https://www.proquest.com/docview/304062578?pq-origsite=gscholar&fromopenview=true
Copan Valley,,Burial 20,,bone collagen,,-8.90,8.00,,Gerry 1993,https://www.proquest.com/docview/304062578?pq-origsite=gscholar&fromopenview=true
Copan Valley,,Burial 20,,bone collagen,,-4.20,,,Gerry 1993,https://www.proquest.com/docview/304062578?pq-origsite=gscholar&fromopenview=true
Copan Valley,,Burial 3,,bone collagen,,-10.00,8.10,,Gerry 1993,https://www.proquest.com/docview/304062578?pq-origsite=gscholar&fromopenview=true
Copan Valley,,Burial 15,,bone collagen,,-11.60,7.40,,Gerry 1993,https://www.proquest.com/docview/304062578?pq-origsite=gscholar&fromopenview=true
Copan Valley,,Burial 15,,bone collagen,,-6.70,,,Gerry 1993,https://www.proquest.com/docview/304062578?pq-origsite=gscholar&fromopenview=true
Copan Valley,,Burial 17,,bone collagen,,-10.70,7.70,,Gerry 1993,https://www.proquest.com/docview/304062578?pq-origsite=gscholar&fromopenview=true
Copan Valley,,Burial 17,,bone collagen,,-5.10,,,Gerry 1993,https://www.proquest.com/docview/304062578?pq-origsite=gscholar&fromopenview=true
Copan Valley,,Burial 1-361,,bone collagen,,-8.50,7.60,,Gerry 1993,https://www.proquest.com/docview/304062578?pq-origsite=gscholar&fromopenview=true
Copan Valley,,Burial 1,,bone collagen,,-10.30,7.40,,Gerry 1993,https://www.proquest.com/docview/304062578?pq-origsite=gscholar&fromopenview=true
Copan Valley,,Burial 1,,bone collagen,,-11.00,7.60,,Gerry 1993,https://www.proquest.com/docview/304062578?pq-origsite=gscholar&fromopenview=true
Copan Valley,,CP26,rib,bone collagen,,-7.23,10.02,,Reed 1998,https://www.proquest.com/docview/304454040/6F83700A94564560PQ/1?accountid=14709#
Copan Valley,,CP405,rib,bone collagen,,-10.79,7.63,,Reed 1998,https://www.proquest.com/docview/304454040/6F83700A94564560PQ/1?accountid=14709#
Copan Valley,,CP158,rib,bone collagen,,-9.48,6.96,,Reed 1998,https://www.proquest.com/docview/304454040/6F83700A94564560PQ/1?accountid=14709#
Copan Valley,,CP22,rib,bone collagen,,-8.61,6.27,,Reed 1998,https://www.proquest.com/docview/304454040/6F83700A94564560PQ/1?accountid=14709#
Copan Valley,,CP403,rib,bone collagen,,-9.58,6.90,,Reed 1998,https://www.proquest.com/docview/304454040/6F83700A94564560PQ/1?accountid=14709#
Copan Valley,,CP23,rib,bone collagen,,-8.25,7.98,,Reed 1998,https://www.proquest.com/docview/304454040/6F83700A94564560PQ/1?accountid=14709#
Copan Valley,,CP63,rib,bone collagen,,-8.36,7.75,,Reed 1998,https://www.proquest.com/docview/304454040/6F83700A94564560PQ/1?accountid=14709#
Copan Valley,,CP106,rib,bone collagen,,-10.23,7.60,,Reed 1998,https://www.proquest.com/docview/304454040/6F83700A94564560PQ/1?accountid=14709#
Copan Valley,,CP136,rib,bone collagen,,-9.02,7.68,,Reed 1998,https://www.proquest.com/docview/304454040/6F83700A94564560PQ/1?accountid=14709#
Copan Valley,,CP142,rib,bone collagen,,-9.32,7.80,,Reed 1998,https://www.proquest.com/docview/304454040/6F83700A94564560PQ/1?accountid=14709#
Copan Valley,,CP18,rib,bone collagen,,-8.62,7.50,,Reed 1998,https://www.proquest.com/docview/304454040/6F83700A94564560PQ/1?accountid=14709#
Copan Valley,,CP195,rib,bone collagen,,-8.74,6.79,,Reed 1998,https://www.proquest.com/docview/304454040/6F83700A94564560PQ/1?accountid=14709#
Copan Valley,,CP206,rib,bone collagen,,-8.36,7.17,,Reed 1998,https://www.proquest.com/docview/304454040/6F83700A94564560PQ/1?accountid=14709#
Copan Valley,,CP209,rib,bone collagen,,-9.10,7.52,,Reed 1998,https://www.proquest.com/docview/304454040/6F83700A94564560PQ/1?accountid=14709#
Copan Valley,,CP266,rib,bone collagen,,-9.03,7.80,,Reed 1998,https://www.proquest.com/docview/304454040/6F83700A94564560PQ/1?accountid=14709#
Copan Valley,,CP300,rib,bone collagen,,-9.28,7.11,,Reed 1998,https://www.proquest.com/docview/304454040/6F83700A94564560PQ/1?accountid=14709#
Copan Valley,,CP302,rib,bone collagen,,-8.67,7.52,,Reed 1998,https://www.proquest.com/docview/304454040/6F83700A94564560PQ/1?accountid=14709#
Copan Valley,,CP59,rib,bone collagen,,-8.17,7.18,,Reed 1998,https://www.proquest.com/docview/304454040/6F83700A94564560PQ/1?accountid=14709#
Copan Valley,,CP273,rib,bone collagen,,-8.53,6.93,,Reed 1998,https://www.proquest.com/docview/304454040/6F83700A94564560PQ/1?accountid=14709#
Copan Valley,,CP24,rib,bone collagen,,-10.59,8.15,,Reed 1998,https://www.proquest.com/docview/304454040/6F83700A94564560PQ/1?accountid=14709#
Copan Valley,,CP301,rib,bone collagen,,-8.84,7.00,,Reed 1998,https://www.proquest.com/docview/304454040/6F83700A94564560PQ/1?accountid=14709#
Copan Valley,,CP105,rib,bone collagen,,-9.41,6.85,,Reed 1998,https://www.proquest.com/docview/304454040/6F83700A94564560PQ/1?accountid=14709#
Copan Valley,,CP202,rib,bone collagen,,-9.10,7.16,,Reed 1998,https://www.proquest.com/docview/304454040/6F83700A94564560PQ/1?accountid=14709#
Copan Valley,,CP216,rib,bone collagen,,-8.74,7.61,,Reed 1998,https://www.proquest.com/docview/304454040/6F83700A94564560PQ/1?accountid=14709#
Copan Valley,,CP267,rib,bone collagen,,-8.74,8.20,,Reed 1998,https://www.proquest.com/docview/304454040/6F83700A94564560PQ/1?accountid=14709#
Copan Valley,,CP305,rib,bone collagen,,-9.54,7.49,,Reed 1998,https://www.proquest.com/docview/304454040/6F83700A94564560PQ/1?accountid=14709#
Copan Valley,,CP319,rib,bone collagen,,-9.26,8.18,,Reed 1998,https://www.proquest.com/docview/304454040/6F83700A94564560PQ/1?accountid=14709#
Copan Valley,,CP388,rib,bone collagen,,-9.24,,,Reed 1998,https://www.proquest.com/docview/304454040/6F83700A94564560PQ/1?accountid=14709#
Copan Valley,,CP39,rib,bone collagen,,-8.23,8.21,,Reed 1998,https://www.proquest.com/docview/304454040/6F83700A94564560PQ/1?accountid=14709#
Copan Valley,,CP392,rib,bone collagen,,-8.37,7.69,,Reed 1998,https://www.proquest.com/docview/304454040/6F83700A94564560PQ/1?accountid=14709#
Copan Valley,,CP399,rib,bone collagen,,-9.08,7.53,,Reed 1998,https://www.proquest.com/docview/304454040/6F83700A94564560PQ/1?accountid=14709#
Copan Valley,,CP41,rib,bone collagen,,-9.42,6.86,,Reed 1998,https://www.proquest.com/docview/304454040/6F83700A94564560PQ/1?accountid=14709#
Copan Valley,,CP68,rib,bone collagen,,-9.24,4.12,,Reed 1998,https://www.proquest.com/docview/304454040/6F83700A94564560PQ/1?accountid=14709#
Copan Valley,,CP80,rib,bone collagen,,-8.66,7.70,,Reed 1998,https://www.proquest.com/docview/304454040/6F83700A94564560PQ/1?accountid=14709#
Copan Valley,,CP99,rib,bone collagen,,-8.21,7.41,,Reed 1998,https://www.proquest.com/docview/304454040/6F83700A94564560PQ/1?accountid=14709#
Copan Valley,,CP196,rib,bone collagen,,-10.12,7.63,,Reed 1998,https://www.proquest.com/docview/304454040/6F83700A94564560PQ/1?accountid=14709#
Copan Valley,,CP318,fragments,bone collagen,,-9.32,8.11,,Reed 1998,https://www.proquest.com/docview/304454040/6F83700A94564560PQ/1?accountid=14709#
Copan Valley,,CP332,rib,bone collagen,,-9.69,7.66,,Reed 1998,https://www.proquest.com/docview/304454040/6F83700A94564560PQ/1?accountid=14709#
Copan Valley,,CP337,rib,bone collagen,,-8.79,8.10,,Reed 1998,https://www.proquest.com/docview/304454040/6F83700A94564560PQ/1?accountid=14709#
Copan Valley,,CP135,rib,bone collagen,,-10.32,6.52,,Reed 1998,https://www.proquest.com/docview/304454040/6F83700A94564560PQ/1?accountid=14709#
Copan Valley,,CP186,rib,bone collagen,,-10.19,7.07,,Reed 1998,https://www.proquest.com/docview/304454040/6F83700A94564560PQ/1?accountid=14709#
Copan Valley,,CP187,rib,bone collagen,,-8.79,7.30,,Reed 1998,https://www.proquest.com/docview/304454040/6F83700A94564560PQ/1?accountid=14709#
Copan Valley,,CP212,rib,bone collagen,,-10.32,7.48,,Reed 1998,https://www.proquest.com/docview/304454040/6F83700A94564560PQ/1?accountid=14709#
Copan Valley,,CP217,rib,bone collagen,,-9.67,7.54,,Reed 1998,https://www.proquest.com/docview/304454040/6F83700A94564560PQ/1?accountid=14709#
Copan Valley,,CP278,rib,bone collagen,,-9.72,7.37,,Reed 1998,https://www.proquest.com/docview/304454040/6F83700A94564560PQ/1?accountid=14709#
Copan Valley,,CP280,rib,bone collagen,,-8.29,7.41,,Reed 1998,https://www.proquest.com/docview/304454040/6F83700A94564560PQ/1?accountid=14709#
Copan Valley,,CP299,rib,bone collagen,,-10.38,8.26,,Reed 1998,https://www.proquest.com/docview/304454040/6F83700A94564560PQ/1?accountid=14709#
Copan Valley,,CP35,rib,bone collagen,,-9.06,7.08,,Reed 1998,https://www.proquest.com/docview/304454040/6F83700A94564560PQ/1?accountid=14709#
Copan Valley,,CP385,rib,bone collagen,,-9.68,7.07,,Reed 1998,https://www.proquest.com/docview/304454040/6F83700A94564560PQ/1?accountid=14709#
Copan Valley,,CP397,rib,bone collagen,,-8.22,8.19,,Reed 1998,https://www.proquest.com/docview/304454040/6F83700A94564560PQ/1?accountid=14709#
Copan Valley,,CP234,rib,bone collagen,,-9.17,7.02,,Reed 1998,https://www.proquest.com/docview/304454040/6F83700A94564560PQ/1?accountid=14709#